zaman_s,gecikme_ms,istek_no,bolge,durum
0,68.537,1000,tr-1,ok
1,63.134,1001,eu-1,ok
2,63.704,1002,us-1,ok
3,76.534,1003,ap-1,ok
4,68.673,1004,tr-1,ok
5,78.203,1005,eu-1,ok
6,67.871,1006,us-1,ok
7,77.498,1007,ap-1,ok
8,77.609,1008,tr-1,ok
9,75.693,1009,eu-1,ok
10,79.551,1010,us-1,ok
11,69.633,1011,ap-1,ok
12,73.504,1012,tr-1,ok
13,73.406,1013,eu-1,ok
14,75.029,1014,us-1,ok
15,72.999,1015,ap-1,ok
16,62.745,1016,tr-1,ok
17,72.668,1017,eu-1,ok
18,66.262,1018,us-1,ok
19,80.711,1019,ap-1,ok
20,73.746,1020,tr-1,ok
21,76.863,1021,eu-1,ok
22,79.647,1022,us-1,ok
23,72.501,1023,ap-1,ok
24,73.788,1024,tr-1,ok
25,74.814,1025,eu-1,ok
26,81.961,1026,us-1,ok
27,65.749,1027,ap-1,ok
28,71.999,1028,tr-1,ok
29,72.615,1029,eu-1,ok
30,72.782,1030,us-1,ok
31,71.560,1031,ap-1,ok
32,77.634,1032,tr-1,ok
33,73.839,1033,eu-1,ok
34,74.490,1034,us-1,ok
35,66.698,1035,ap-1,ok
36,82.440,1036,tr-1,ok
37,74.444,1037,eu-1,ok
38,73.977,1038,us-1,ok
39,67.593,1039,ap-1,ok
40,81.424,1040,tr-1,ok
41,74.399,1041,eu-1,ok
42,81.018,1042,us-1,ok
43,68.653,1043,ap-1,ok
44,74.318,1044,tr-1,ok
45,70.920,1045,eu-1,ok
46,82.420,1046,us-1,ok
47,81.166,1047,ap-1,ok
48,78.388,1048,tr-1,ok
49,79.188,1049,eu-1,ok
50,75.163,1050,us-1,ok
51,84.158,1051,ap-1,ok
52,82.845,1052,tr-1,ok
53,81.267,1053,eu-1,ok
54,85.207,1054,us-1,ok
55,87.058,1055,ap-1,ok
56,83.012,1056,tr-1,ok
57,69.599,1057,eu-1,ok
58,82.985,1058,us-1,ok
59,75.970,1059,ap-1,ok
60,76.847,1060,tr-1,ok
61,86.210,1061,eu-1,ok
62,71.815,1062,us-1,ok
63,75.634,1063,ap-1,ok
64,80.023,1064,tr-1,ok
65,80.158,1065,eu-1,ok
66,75.155,1066,us-1,ok
67,81.209,1067,ap-1,ok
68,88.374,1068,tr-1,ok
69,79.883,1069,eu-1,ok
70,84.118,1070,us-1,ok
71,88.606,1071,ap-1,ok
72,73.101,1072,tr-1,ok
73,75.471,1073,eu-1,ok
74,73.771,1074,us-1,ok
75,82.355,1075,ap-1,ok
76,78.068,1076,tr-1,ok
77,88.352,1077,eu-1,ok
78,75.393,1078,us-1,ok
79,86.000,1079,ap-1,ok
80,74.046,1080,tr-1,ok
81,78.072,1081,eu-1,ok
82,82.345,1082,us-1,ok
83,82.544,1083,ap-1,ok
84,74.806,1084,tr-1,ok
85,91.789,1085,eu-1,ok
86,84.816,1086,us-1,ok
87,77.287,1087,ap-1,ok
88,79.751,1088,tr-1,ok
89,91.557,1089,eu-1,ok
90,78.821,1090,us-1,ok
91,86.523,1091,ap-1,ok
92,86.719,1092,tr-1,ok
93,79.105,1093,eu-1,ok
94,77.953,1094,us-1,ok
95,91.105,1095,ap-1,ok
96,87.412,1096,tr-1,ok
97,77.196,1097,eu-1,ok
98,89.019,1098,us-1,ok
99,86.431,1099,ap-1,ok
100,80.341,1100,tr-1,ok
101,77.380,1101,eu-1,ok
102,79.253,1102,us-1,ok
103,83.704,1103,ap-1,ok
104,91.468,1104,tr-1,ok
105,87.664,1105,eu-1,ok
106,90.671,1106,us-1,ok
107,82.481,1107,ap-1,ok
108,81.276,1108,tr-1,ok
109,94.826,1109,eu-1,ok
110,85.024,1110,us-1,ok
111,92.163,1111,ap-1,ok
112,83.644,1112,tr-1,ok
113,90.538,1113,eu-1,ok
114,94.771,1114,us-1,ok
115,87.190,1115,ap-1,ok
116,91.905,1116,tr-1,ok
117,88.460,1117,eu-1,ok
118,88.768,1118,us-1,ok
119,93.221,1119,ap-1,ok
120,94.916,1120,tr-1,ok
121,83.046,1121,eu-1,ok
122,96.624,1122,us-1,ok
123,82.788,1123,ap-1,ok
124,83.227,1124,tr-1,ok
125,93.537,1125,eu-1,ok
126,83.575,1126,us-1,ok
127,84.997,1127,ap-1,ok
128,87.352,1128,tr-1,ok
129,93.509,1129,eu-1,ok
130,82.554,1130,us-1,ok
131,93.413,1131,ap-1,ok
132,82.516,1132,tr-1,ok
133,82.928,1133,eu-1,ok
134,94.280,1134,us-1,ok
135,88.618,1135,ap-1,ok
136,81.562,1136,tr-1,ok
137,86.036,1137,eu-1,ok
138,94.684,1138,us-1,ok
139,98.583,1139,ap-1,ok
140,84.209,1140,tr-1,ok
141,84.162,1141,eu-1,ok
142,90.011,1142,us-1,ok
143,93.891,1143,ap-1,ok
144,92.245,1144,tr-1,ok
145,87.291,1145,eu-1,ok
146,92.967,1146,us-1,ok
147,91.834,1147,ap-1,ok
148,90.586,1148,tr-1,ok
149,94.445,1149,eu-1,ok
150,86.323,1150,us-1,ok
151,84.730,1151,ap-1,ok
152,90.236,1152,tr-1,ok
153,93.838,1153,eu-1,ok
154,87.598,1154,us-1,ok
155,94.960,1155,ap-1,ok
156,92.418,1156,tr-1,ok
157,88.517,1157,eu-1,ok
158,101.128,1158,us-1,ok
159,89.026,1159,ap-1,ok
160,87.183,1160,tr-1,ok
161,93.528,1161,eu-1,ok
162,91.620,1162,us-1,ok
163,100.764,1163,ap-1,ok
164,95.696,1164,tr-1,ok
165,99.155,1165,eu-1,ok
166,88.819,1166,us-1,ok
167,89.684,1167,ap-1,ok
168,102.827,1168,tr-1,ok
169,90.137,1169,eu-1,ok
170,91.694,1170,us-1,ok
171,100.816,1171,ap-1,ok
172,98.028,1172,tr-1,ok
173,103.321,1173,eu-1,ok
174,88.346,1174,us-1,ok
175,102.152,1175,ap-1,ok
176,97.147,1176,tr-1,ok
177,94.801,1177,eu-1,ok
178,99.713,1178,us-1,ok
179,100.320,1179,ap-1,ok
180,103.730,1180,tr-1,ok
181,88.802,1181,eu-1,ok
182,88.166,1182,us-1,ok
183,90.810,1183,ap-1,ok
184,98.708,1184,tr-1,ok
185,103.347,1185,eu-1,ok
186,97.377,1186,us-1,ok
187,98.573,1187,ap-1,ok
188,89.101,1188,tr-1,ok
189,95.444,1189,eu-1,ok
190,101.856,1190,us-1,ok
191,95.072,1191,ap-1,ok
192,91.353,1192,tr-1,ok
193,93.208,1193,eu-1,ok
194,104.124,1194,us-1,ok
195,100.561,1195,ap-1,ok
196,96.589,1196,tr-1,ok
197,93.734,1197,eu-1,ok
198,95.533,1198,us-1,ok
199,98.071,1199,ap-1,ok
200,105.344,1200,tr-1,ok
201,107.239,1201,eu-1,ok
202,89.877,1202,us-1,ok
203,92.663,1203,ap-1,ok
204,102.096,1204,tr-1,ok
205,99.539,1205,eu-1,ok
206,92.436,1206,us-1,ok
207,106.133,1207,ap-1,ok
208,105.437,1208,tr-1,ok
209,95.002,1209,eu-1,ok
210,99.447,1210,us-1,ok
211,91.361,1211,ap-1,ok
212,100.988,1212,tr-1,ok
213,107.231,1213,eu-1,ok
214,94.410,1214,us-1,ok
215,94.167,1215,ap-1,ok
216,98.496,1216,tr-1,ok
217,98.253,1217,eu-1,ok
218,102.934,1218,us-1,ok
219,98.137,1219,ap-1,ok
220,100.801,1220,tr-1,ok
221,94.776,1221,eu-1,ok
222,99.389,1222,us-1,ok
223,102.478,1223,ap-1,ok
224,100.762,1224,tr-1,ok
225,104.402,1225,eu-1,ok
226,105.459,1226,us-1,ok
227,103.455,1227,ap-1,ok
228,103.773,1228,tr-1,ok
229,101.550,1229,eu-1,ok
230,100.375,1230,us-1,ok
231,105.604,1231,ap-1,ok
232,107.592,1232,tr-1,ok
233,96.102,1233,eu-1,ok
234,103.470,1234,us-1,ok
235,107.908,1235,ap-1,ok
236,109.597,1236,tr-1,ok
237,102.485,1237,eu-1,ok
238,99.652,1238,us-1,ok
239,109.820,1239,ap-1,ok
240,107.221,1240,tr-1,ok
241,96.959,1241,eu-1,ok
242,107.477,1242,us-1,ok
243,94.564,1243,ap-1,ok
244,104.623,1244,tr-1,ok
245,97.283,1245,eu-1,ok
246,98.204,1246,us-1,ok
247,96.588,1247,ap-1,ok
248,99.616,1248,tr-1,ok
249,104.312,1249,eu-1,ok
250,104.492,1250,us-1,ok
251,111.980,1251,ap-1,ok
252,106.962,1252,tr-1,ok
253,110.196,1253,eu-1,ok
254,111.055,1254,us-1,ok
255,107.501,1255,ap-1,ok
256,112.497,1256,tr-1,ok
257,99.502,1257,eu-1,ok
258,109.484,1258,us-1,ok
259,99.044,1259,ap-1,ok
260,113.082,1260,tr-1,ok
261,105.947,1261,eu-1,ok
262,107.353,1262,us-1,ok
263,98.235,1263,ap-1,ok
264,100.101,1264,tr-1,ok
265,106.765,1265,eu-1,ok
266,102.020,1266,us-1,ok
267,108.428,1267,ap-1,ok
268,98.714,1268,tr-1,ok
269,111.791,1269,eu-1,ok
270,100.561,1270,us-1,ok
271,110.833,1271,ap-1,ok
272,99.443,1272,tr-1,ok
273,96.686,1273,eu-1,ok
274,102.373,1274,us-1,ok
275,112.438,1275,ap-1,ok
276,109.197,1276,tr-1,ok
277,99.567,1277,eu-1,ok
278,108.210,1278,us-1,ok
279,99.912,1279,ap-1,ok
280,111.861,1280,tr-1,ok
281,106.677,1281,eu-1,ok
282,108.041,1282,us-1,ok
283,101.209,1283,ap-1,ok
284,103.517,1284,tr-1,ok
285,104.455,1285,eu-1,ok
286,100.848,1286,us-1,ok
287,113.859,1287,ap-1,ok
288,113.212,1288,tr-1,ok
289,109.601,1289,eu-1,ok
290,105.705,1290,us-1,ok
291,108.784,1291,ap-1,ok
292,99.225,1292,tr-1,ok
293,113.001,1293,eu-1,ok
294,115.223,1294,us-1,ok
295,108.145,1295,ap-1,ok
296,105.927,1296,tr-1,ok
297,115.024,1297,eu-1,ok
298,97.923,1298,us-1,ok
299,113.847,1299,ap-1,ok
300,101.938,1300,tr-1,ok
301,105.986,1301,eu-1,ok
302,107.145,1302,us-1,ok
303,111.694,1303,ap-1,ok
304,103.333,1304,tr-1,ok
305,106.939,1305,eu-1,ok
306,104.433,1306,us-1,ok
307,102.229,1307,ap-1,ok
308,106.731,1308,tr-1,ok
309,115.433,1309,eu-1,ok
310,107.176,1310,us-1,ok
311,98.761,1311,ap-1,ok
312,114.959,1312,tr-1,ok
313,109.195,1313,eu-1,ok
314,102.102,1314,us-1,ok
315,100.748,1315,ap-1,ok
316,102.186,1316,tr-1,ok
317,114.390,1317,eu-1,ok
318,104.952,1318,us-1,ok
319,106.587,1319,ap-1,ok
320,104.056,1320,tr-1,ok
321,114.295,1321,eu-1,ok
322,109.452,1322,us-1,ok
323,109.232,1323,ap-1,ok
324,111.169,1324,tr-1,ok
325,114.893,1325,eu-1,ok
326,103.448,1326,us-1,ok
327,115.328,1327,ap-1,ok
328,116.234,1328,tr-1,ok
329,104.686,1329,eu-1,ok
330,100.799,1330,us-1,ok
331,105.853,1331,ap-1,ok
332,113.695,1332,tr-1,ok
333,105.718,1333,eu-1,ok
334,109.699,1334,us-1,ok
335,101.567,1335,ap-1,ok
336,103.589,1336,tr-1,ok
337,102.679,1337,eu-1,ok
338,106.333,1338,us-1,ok
339,115.689,1339,ap-1,ok
340,110.502,1340,tr-1,ok
341,117.282,1341,eu-1,ok
342,115.610,1342,us-1,ok
343,102.866,1343,ap-1,ok
344,109.486,1344,tr-1,ok
345,102.526,1345,eu-1,ok
346,106.046,1346,us-1,ok
347,103.316,1347,ap-1,ok
348,115.999,1348,tr-1,ok
349,116.782,1349,eu-1,ok
350,111.033,1350,us-1,ok
351,108.124,1351,ap-1,ok
352,110.820,1352,tr-1,ok
353,103.296,1353,eu-1,ok
354,106.103,1354,us-1,ok
355,103.420,1355,ap-1,ok
356,107.357,1356,tr-1,ok
357,112.176,1357,eu-1,ok
358,109.891,1358,us-1,ok
359,117.153,1359,ap-1,ok
360,104.333,1360,tr-1,ok
361,102.266,1361,eu-1,ok
362,115.069,1362,us-1,ok
363,100.539,1363,ap-1,ok
364,115.775,1364,tr-1,ok
365,109.793,1365,eu-1,ok
366,107.938,1366,us-1,ok
367,110.878,1367,ap-1,ok
368,104.448,1368,tr-1,ok
369,109.730,1369,eu-1,ok
370,105.976,1370,us-1,ok
371,102.889,1371,ap-1,ok
372,108.646,1372,tr-1,ok
373,117.435,1373,eu-1,ok
374,117.564,1374,us-1,ok
375,106.273,1375,ap-1,ok
376,100.272,1376,tr-1,ok
377,116.530,1377,eu-1,ok
378,105.516,1378,us-1,ok
379,105.549,1379,ap-1,ok
380,105.681,1380,tr-1,ok
381,107.513,1381,eu-1,ok
382,100.157,1382,us-1,ok
383,113.238,1383,ap-1,ok
384,103.517,1384,tr-1,ok
385,102.854,1385,eu-1,ok
386,117.520,1386,us-1,ok
387,102.043,1387,ap-1,ok
388,105.456,1388,tr-1,ok
389,111.984,1389,eu-1,ok
390,105.054,1390,us-1,ok
391,102.400,1391,ap-1,ok
392,101.498,1392,tr-1,ok
393,106.792,1393,eu-1,ok
394,108.376,1394,us-1,ok
395,100.573,1395,ap-1,ok
396,107.920,1396,tr-1,ok
397,117.666,1397,eu-1,ok
398,114.702,1398,us-1,ok
399,111.189,1399,ap-1,ok
400,101.433,1400,tr-1,ok
401,114.628,1401,eu-1,ok
402,115.169,1402,us-1,ok
403,101.157,1403,ap-1,ok
404,105.981,1404,tr-1,ok
405,109.198,1405,eu-1,ok
406,114.489,1406,us-1,ok
407,116.044,1407,ap-1,ok
408,117.499,1408,tr-1,ok
409,116.986,1409,eu-1,ok
410,117.001,1410,us-1,ok
411,111.036,1411,ap-1,ok
412,109.017,1412,tr-1,ok
413,105.894,1413,eu-1,ok
414,103.231,1414,us-1,ok
415,116.523,1415,ap-1,ok
416,99.783,1416,tr-1,ok
417,100.899,1417,eu-1,ok
418,106.529,1418,us-1,ok
419,100.247,1419,ap-1,ok
420,110.964,1420,tr-1,ok
421,99.946,1421,eu-1,ok
422,101.874,1422,us-1,ok
423,115.705,1423,ap-1,ok
424,102.205,1424,tr-1,ok
425,116.447,1425,eu-1,ok
426,109.389,1426,us-1,ok
427,115.090,1427,ap-1,ok
428,114.710,1428,tr-1,ok
429,108.637,1429,eu-1,ok
430,108.946,1430,us-1,ok
431,113.750,1431,ap-1,ok
432,116.873,1432,tr-1,ok
433,101.959,1433,eu-1,ok
434,112.754,1434,us-1,ok
435,101.201,1435,ap-1,ok
436,101.050,1436,tr-1,ok
437,101.392,1437,eu-1,ok
438,116.336,1438,us-1,ok
439,112.082,1439,ap-1,ok
440,99.941,1440,tr-1,ok
441,102.529,1441,eu-1,ok
442,101.419,1442,us-1,ok
443,109.640,1443,ap-1,ok
444,107.565,1444,tr-1,ok
445,98.579,1445,eu-1,ok
446,106.074,1446,us-1,ok
447,106.517,1447,ap-1,ok
448,103.920,1448,tr-1,ok
449,113.996,1449,eu-1,ok
450,110.354,1450,us-1,ok
451,105.913,1451,ap-1,ok
452,98.409,1452,tr-1,ok
453,102.998,1453,eu-1,ok
454,104.564,1454,us-1,ok
455,103.329,1455,ap-1,ok
456,104.900,1456,tr-1,ok
457,98.140,1457,eu-1,ok
458,103.400,1458,us-1,ok
459,104.557,1459,ap-1,ok
460,107.655,1460,tr-1,ok
461,111.287,1461,eu-1,ok
462,101.332,1462,us-1,ok
463,104.184,1463,ap-1,ok
464,101.810,1464,tr-1,ok
465,108.351,1465,eu-1,ok
466,108.801,1466,us-1,ok
467,101.131,1467,ap-1,ok
468,105.099,1468,tr-1,ok
469,106.042,1469,eu-1,ok
470,114.440,1470,us-1,ok
471,103.146,1471,ap-1,ok
472,100.924,1472,tr-1,ok
473,105.642,1473,eu-1,ok
474,100.259,1474,us-1,ok
475,112.382,1475,ap-1,ok
476,108.538,1476,tr-1,ok
477,102.943,1477,eu-1,ok
478,105.792,1478,us-1,ok
479,108.137,1479,ap-1,ok
480,105.918,1480,tr-1,ok
481,110.740,1481,eu-1,ok
482,111.592,1482,us-1,ok
483,96.609,1483,ap-1,ok
484,102.026,1484,tr-1,ok
485,112.275,1485,eu-1,ok
486,110.576,1486,us-1,ok
487,109.992,1487,ap-1,ok
488,109.105,1488,tr-1,ok
489,107.352,1489,eu-1,ok
490,109.855,1490,us-1,ok
491,104.230,1491,ap-1,ok
492,108.345,1492,tr-1,ok
493,107.455,1493,eu-1,ok
494,111.352,1494,us-1,ok
495,112.755,1495,ap-1,ok
496,107.172,1496,tr-1,ok
497,112.188,1497,eu-1,ok
498,108.768,1498,us-1,ok
499,109.275,1499,ap-1,ok
500,102.963,1500,tr-1,ok
501,96.185,1501,eu-1,ok
502,103.987,1502,us-1,ok
503,97.828,1503,ap-1,ok
504,98.475,1504,tr-1,ok
505,99.583,1505,eu-1,ok
506,107.509,1506,us-1,ok
507,112.133,1507,ap-1,ok
508,94.226,1508,tr-1,ok
509,109.430,1509,eu-1,ok
510,104.970,1510,us-1,ok
511,110.284,1511,ap-1,ok
512,99.810,1512,tr-1,ok
513,103.924,1513,eu-1,ok
514,108.837,1514,us-1,ok
515,101.450,1515,ap-1,ok
516,109.905,1516,tr-1,ok
517,109.739,1517,eu-1,ok
518,94.254,1518,us-1,ok
519,99.321,1519,ap-1,ok
520,103.472,1520,tr-1,ok
521,102.906,1521,eu-1,ok
522,102.481,1522,us-1,ok
523,101.992,1523,ap-1,ok
524,101.433,1524,tr-1,ok
525,96.162,1525,eu-1,ok
526,109.812,1526,us-1,ok
527,109.725,1527,ap-1,ok
528,101.990,1528,tr-1,ok
529,95.865,1529,eu-1,ok
530,101.352,1530,us-1,ok
531,98.136,1531,ap-1,ok
532,92.864,1532,tr-1,ok
533,105.229,1533,eu-1,ok
534,105.720,1534,us-1,ok
535,107.263,1535,ap-1,ok
536,107.976,1536,tr-1,ok
537,102.286,1537,eu-1,ok
538,106.204,1538,us-1,ok
539,92.333,1539,ap-1,ok
540,91.422,1540,tr-1,ok
541,101.979,1541,eu-1,ok
542,106.604,1542,us-1,ok
543,105.574,1543,ap-1,ok
544,101.606,1544,tr-1,ok
545,100.551,1545,eu-1,ok
546,104.506,1546,us-1,ok
547,106.534,1547,ap-1,ok
548,91.391,1548,tr-1,ok
549,98.377,1549,eu-1,ok
550,100.691,1550,us-1,ok
551,107.081,1551,ap-1,ok
552,96.675,1552,tr-1,ok
553,104.479,1553,eu-1,ok
554,94.125,1554,us-1,ok
555,93.810,1555,ap-1,ok
556,105.945,1556,tr-1,ok
557,94.645,1557,eu-1,ok
558,96.804,1558,us-1,ok
559,93.333,1559,ap-1,ok
560,96.385,1560,tr-1,ok
561,89.043,1561,eu-1,ok
562,101.180,1562,us-1,ok
563,102.822,1563,ap-1,ok
564,95.245,1564,tr-1,ok
565,105.899,1565,eu-1,ok
566,92.292,1566,us-1,ok
567,103.177,1567,ap-1,ok
568,103.665,1568,tr-1,ok
569,98.706,1569,eu-1,ok
570,98.967,1570,us-1,ok
571,100.257,1571,ap-1,ok
572,103.206,1572,tr-1,ok
573,99.453,1573,eu-1,ok
574,92.780,1574,us-1,ok
575,88.906,1575,ap-1,ok
576,92.317,1576,tr-1,ok
577,90.099,1577,eu-1,ok
578,97.563,1578,us-1,ok
579,100.145,1579,ap-1,ok
580,93.548,1580,tr-1,ok
581,90.633,1581,eu-1,ok
582,90.793,1582,us-1,ok
583,93.999,1583,ap-1,ok
584,88.813,1584,tr-1,ok
585,103.006,1585,eu-1,ok
586,96.036,1586,us-1,ok
587,101.897,1587,ap-1,ok
588,90.194,1588,tr-1,ok
589,93.022,1589,eu-1,ok
590,97.589,1590,us-1,ok
591,85.698,1591,ap-1,ok
592,93.124,1592,tr-1,ok
593,93.017,1593,eu-1,ok
594,99.804,1594,us-1,ok
595,89.292,1595,ap-1,ok
596,86.977,1596,tr-1,ok
597,96.384,1597,eu-1,ok
598,91.237,1598,us-1,ok
599,85.411,1599,ap-1,ok
600,97.701,1600,tr-1,ok
601,89.044,1601,eu-1,ok
602,87.345,1602,us-1,ok
603,90.490,1603,ap-1,ok
604,83.432,1604,tr-1,ok
605,96.343,1605,eu-1,ok
606,84.849,1606,us-1,ok
607,86.239,1607,ap-1,ok
608,100.689,1608,tr-1,ok
609,95.464,1609,eu-1,ok
610,96.774,1610,us-1,ok
611,88.553,1611,ap-1,ok
612,95.425,1612,tr-1,ok
613,82.909,1613,eu-1,ok
614,88.092,1614,us-1,ok
615,93.756,1615,ap-1,ok
616,83.261,1616,tr-1,ok
617,84.718,1617,eu-1,ok
618,84.172,1618,us-1,ok
619,87.538,1619,ap-1,ok
620,84.915,1620,tr-1,ok
621,82.639,1621,eu-1,ok
622,97.858,1622,us-1,ok
623,80.766,1623,ap-1,ok
624,98.353,1624,tr-1,ok
625,84.323,1625,eu-1,ok
626,87.996,1626,us-1,ok
627,92.522,1627,ap-1,ok
628,89.111,1628,tr-1,ok
629,92.791,1629,eu-1,ok
630,80.342,1630,us-1,ok
631,86.160,1631,ap-1,ok
632,94.901,1632,tr-1,ok
633,95.750,1633,eu-1,ok
634,91.708,1634,us-1,ok
635,94.941,1635,ap-1,ok
636,86.339,1636,tr-1,ok
637,88.234,1637,eu-1,ok
638,87.743,1638,us-1,ok
639,80.883,1639,ap-1,ok
640,91.759,1640,tr-1,ok
641,85.475,1641,eu-1,ok
642,79.588,1642,us-1,ok
643,89.715,1643,ap-1,ok
644,80.458,1644,tr-1,ok
645,91.905,1645,eu-1,ok
646,83.655,1646,us-1,ok
647,94.502,1647,ap-1,ok
648,94.431,1648,tr-1,ok
649,80.519,1649,eu-1,ok
650,81.043,1650,us-1,ok
651,82.599,1651,ap-1,ok
652,89.931,1652,tr-1,ok
653,80.554,1653,eu-1,ok
654,84.117,1654,us-1,ok
655,79.309,1655,ap-1,ok
656,82.720,1656,tr-1,ok
657,78.110,1657,eu-1,ok
658,88.086,1658,us-1,ok
659,92.779,1659,ap-1,ok
660,76.476,1660,tr-1,ok
661,83.380,1661,eu-1,ok
662,78.483,1662,us-1,ok
663,82.786,1663,ap-1,ok
664,82.889,1664,tr-1,ok
665,89.098,1665,eu-1,ok
666,83.786,1666,us-1,ok
667,86.986,1667,ap-1,ok
668,87.389,1668,tr-1,ok
669,80.017,1669,eu-1,ok
670,78.559,1670,us-1,ok
671,83.580,1671,ap-1,ok
672,84.403,1672,tr-1,ok
673,87.768,1673,eu-1,ok
674,90.394,1674,us-1,ok
675,76.486,1675,ap-1,ok
676,86.084,1676,tr-1,ok
677,76.884,1677,eu-1,ok
678,76.507,1678,us-1,ok
679,87.109,1679,ap-1,ok
680,88.575,1680,tr-1,ok
681,89.655,1681,eu-1,ok
682,80.459,1682,us-1,ok
683,88.355,1683,ap-1,ok
684,83.147,1684,tr-1,ok
685,72.652,1685,eu-1,ok
686,88.306,1686,us-1,ok
687,74.132,1687,ap-1,ok
688,86.235,1688,tr-1,ok
689,86.094,1689,eu-1,ok
690,71.276,1690,us-1,ok
691,85.964,1691,ap-1,ok
692,84.449,1692,tr-1,ok
693,81.163,1693,eu-1,ok
694,81.615,1694,us-1,ok
695,79.101,1695,ap-1,ok
696,72.394,1696,tr-1,ok
697,82.491,1697,eu-1,ok
698,78.302,1698,us-1,ok
699,85.091,1699,ap-1,ok
700,80.028,1700,tr-1,ok
701,80.499,1701,eu-1,ok
702,84.453,1702,us-1,ok
703,73.771,1703,ap-1,ok
704,78.035,1704,tr-1,ok
705,70.685,1705,eu-1,ok
706,73.367,1706,us-1,ok
707,68.956,1707,ap-1,ok
708,80.172,1708,tr-1,ok
709,83.548,1709,eu-1,ok
710,72.938,1710,us-1,ok
711,76.046,1711,ap-1,ok
712,83.216,1712,tr-1,ok
713,72.081,1713,eu-1,ok
714,80.811,1714,us-1,ok
715,69.751,1715,ap-1,ok
716,73.919,1716,tr-1,ok
717,72.238,1717,eu-1,ok
718,74.911,1718,us-1,ok
719,82.156,1719,ap-1,ok
720,72.992,1720,tr-1,ok
721,83.345,1721,eu-1,ok
722,71.611,1722,us-1,ok
723,70.766,1723,ap-1,ok
724,72.013,1724,tr-1,ok
725,69.361,1725,eu-1,ok
726,74.702,1726,us-1,ok
727,73.083,1727,ap-1,ok
728,77.537,1728,tr-1,ok
729,77.486,1729,eu-1,ok
730,73.503,1730,us-1,ok
731,68.996,1731,ap-1,ok
732,71.836,1732,tr-1,ok
733,68.769,1733,eu-1,ok
734,71.071,1734,us-1,ok
735,68.462,1735,ap-1,ok
736,75.129,1736,tr-1,ok
737,70.286,1737,eu-1,ok
738,79.376,1738,us-1,ok
739,71.993,1739,ap-1,ok
740,77.440,1740,tr-1,ok
741,63.209,1741,eu-1,ok
742,62.082,1742,us-1,ok
743,64.314,1743,ap-1,ok
744,67.576,1744,tr-1,ok
745,76.841,1745,eu-1,ok
746,65.189,1746,us-1,ok
747,66.257,1747,ap-1,ok
748,78.105,1748,tr-1,ok
749,75.850,1749,eu-1,ok
750,75.196,1750,us-1,ok
751,63.114,1751,ap-1,ok
752,75.440,1752,tr-1,ok
753,77.530,1753,eu-1,ok
754,61.302,1754,us-1,ok
755,64.238,1755,ap-1,ok
756,65.202,1756,tr-1,ok
757,60.427,1757,eu-1,ok
758,73.519,1758,us-1,ok
759,73.474,1759,ap-1,ok
760,73.670,1760,tr-1,ok
761,59.533,1761,eu-1,ok
762,70.063,1762,us-1,ok
763,67.948,1763,ap-1,ok
764,66.308,1764,tr-1,ok
765,66.639,1765,eu-1,ok
766,64.234,1766,us-1,ok
767,65.892,1767,ap-1,ok
768,63.708,1768,tr-1,ok
769,69.220,1769,eu-1,ok
770,62.153,1770,us-1,ok
771,60.653,1771,ap-1,ok
772,60.442,1772,tr-1,ok
773,67.870,1773,eu-1,ok
774,73.240,1774,us-1,ok
775,69.700,1775,ap-1,ok
776,69.783,1776,tr-1,ok
777,64.196,1777,eu-1,ok
778,68.957,1778,us-1,ok
779,70.329,1779,ap-1,ok
780,64.000,1780,tr-1,ok
781,66.760,1781,eu-1,ok
782,71.451,1782,us-1,ok
783,70.818,1783,ap-1,ok
784,56.777,1784,tr-1,ok
785,55.636,1785,eu-1,ok
786,64.758,1786,us-1,ok
787,58.174,1787,ap-1,ok
788,54.800,1788,tr-1,ok
789,69.341,1789,eu-1,ok
790,58.792,1790,us-1,ok
791,67.503,1791,ap-1,ok
792,54.701,1792,tr-1,ok
793,59.149,1793,eu-1,ok
794,61.431,1794,us-1,ok
795,59.333,1795,ap-1,ok
796,60.190,1796,tr-1,ok
797,66.373,1797,eu-1,ok
798,59.079,1798,us-1,ok
799,57.225,1799,ap-1,ok
800,68.325,1800,tr-1,ok
801,60.004,1801,eu-1,ok
802,65.726,1802,us-1,ok
803,63.794,1803,ap-1,ok
804,60.574,1804,tr-1,ok
805,65.036,1805,eu-1,ok
806,56.779,1806,us-1,ok
807,51.695,1807,ap-1,ok
808,56.565,1808,tr-1,ok
809,61.219,1809,eu-1,ok
810,52.005,1810,us-1,ok
811,59.528,1811,ap-1,ok
812,53.112,1812,tr-1,ok
813,63.809,1813,eu-1,ok
814,67.352,1814,us-1,ok
815,65.733,1815,ap-1,ok
816,64.718,1816,tr-1,ok
817,57.499,1817,eu-1,ok
818,59.228,1818,us-1,ok
819,61.888,1819,ap-1,ok
820,64.442,1820,tr-1,ok
821,52.712,1821,eu-1,ok
822,49.542,1822,us-1,ok
823,63.286,1823,ap-1,ok
824,53.345,1824,tr-1,ok
825,52.048,1825,eu-1,ok
826,64.872,1826,us-1,ok
827,54.714,1827,ap-1,ok
828,54.856,1828,tr-1,ok
829,48.026,1829,eu-1,ok
830,59.976,1830,us-1,ok
831,63.481,1831,ap-1,ok
832,59.761,1832,tr-1,ok
833,58.375,1833,eu-1,ok
834,58.887,1834,us-1,ok
835,47.745,1835,ap-1,ok
836,54.761,1836,tr-1,ok
837,52.645,1837,eu-1,ok
838,51.623,1838,us-1,ok
839,58.010,1839,ap-1,ok
840,63.026,1840,tr-1,ok
841,58.545,1841,eu-1,ok
842,53.361,1842,us-1,ok
843,58.965,1843,ap-1,ok
844,53.793,1844,tr-1,ok
845,56.728,1845,eu-1,ok
846,58.820,1846,us-1,ok
847,57.888,1847,ap-1,ok
848,54.231,1848,tr-1,ok
849,57.371,1849,eu-1,ok
850,54.275,1850,us-1,ok
851,53.324,1851,ap-1,ok
852,46.098,1852,tr-1,ok
853,59.611,1853,eu-1,ok
854,54.582,1854,us-1,ok
855,59.060,1855,ap-1,ok
856,58.873,1856,tr-1,ok
857,51.062,1857,eu-1,ok
858,50.175,1858,us-1,ok
859,46.675,1859,ap-1,ok
860,50.374,1860,tr-1,ok
861,58.788,1861,eu-1,ok
862,53.625,1862,us-1,ok
863,46.994,1863,ap-1,ok
864,58.948,1864,tr-1,ok
865,49.283,1865,eu-1,ok
866,47.557,1866,us-1,ok
867,49.206,1867,ap-1,ok
868,42.794,1868,tr-1,ok
869,44.591,1869,eu-1,ok
870,52.148,1870,us-1,ok
871,43.792,1871,ap-1,ok
872,58.415,1872,tr-1,ok
873,54.709,1873,eu-1,ok
874,52.611,1874,us-1,ok
875,47.788,1875,ap-1,ok
876,55.058,1876,tr-1,ok
877,41.891,1877,eu-1,ok
878,41.792,1878,us-1,ok
879,45.812,1879,ap-1,ok
880,50.756,1880,tr-1,ok
881,41.959,1881,eu-1,ok
882,51.458,1882,us-1,ok
883,41.978,1883,ap-1,ok
884,55.483,1884,tr-1,ok
885,49.983,1885,eu-1,ok
886,43.423,1886,us-1,ok
887,42.963,1887,ap-1,ok
888,44.720,1888,tr-1,ok
889,56.355,1889,eu-1,ok
890,39.200,1890,us-1,ok
891,45.519,1891,ap-1,ok
892,47.140,1892,tr-1,ok
893,48.409,1893,eu-1,ok
894,42.621,1894,us-1,ok
895,47.164,1895,ap-1,ok
896,42.409,1896,tr-1,ok
897,38.731,1897,eu-1,ok
898,43.036,1898,us-1,ok
899,42.608,1899,ap-1,ok
900,40.624,1900,tr-1,ok
901,54.961,1901,eu-1,ok
902,54.078,1902,us-1,ok
903,43.990,1903,ap-1,ok
904,45.972,1904,tr-1,ok
905,53.528,1905,eu-1,ok
906,46.045,1906,us-1,ok
907,36.388,1907,ap-1,ok
908,42.315,1908,tr-1,ok
909,41.570,1909,eu-1,ok
910,44.097,1910,us-1,ok
911,35.925,1911,ap-1,ok
912,50.258,1912,tr-1,ok
913,47.822,1913,eu-1,ok
914,41.578,1914,us-1,ok
915,52.717,1915,ap-1,ok
916,37.703,1916,tr-1,ok
917,51.261,1917,eu-1,ok
918,40.872,1918,us-1,ok
919,47.633,1919,ap-1,ok
920,52.371,1920,tr-1,ok
921,42.855,1921,eu-1,ok
922,43.446,1922,us-1,ok
923,36.759,1923,ap-1,ok
924,39.169,1924,tr-1,ok
925,51.338,1925,eu-1,ok
926,37.823,1926,us-1,ok
927,36.149,1927,ap-1,ok
928,45.236,1928,tr-1,ok
929,43.908,1929,eu-1,ok
930,34.962,1930,us-1,ok
931,44.323,1931,ap-1,ok
932,36.586,1932,tr-1,ok
933,35.469,1933,eu-1,ok
934,44.113,1934,us-1,ok
935,49.248,1935,ap-1,ok
936,46.566,1936,tr-1,ok
937,40.448,1937,eu-1,ok
938,32.956,1938,us-1,ok
939,46.607,1939,ap-1,ok
940,37.597,1940,tr-1,ok
941,49.521,1941,eu-1,ok
942,32.458,1942,us-1,ok
943,43.523,1943,ap-1,ok
944,42.559,1944,tr-1,ok
945,49.114,1945,eu-1,ok
946,37.225,1946,us-1,ok
947,37.220,1947,ap-1,ok
948,31.942,1948,tr-1,ok
949,33.731,1949,eu-1,ok
950,37.486,1950,us-1,ok
951,39.323,1951,ap-1,ok
952,39.477,1952,tr-1,ok
953,44.147,1953,eu-1,ok
954,38.047,1954,us-1,ok
955,44.321,1955,ap-1,ok
956,37.406,1956,tr-1,ok
957,34.256,1957,eu-1,ok
958,40.802,1958,us-1,ok
959,46.141,1959,ap-1,ok
960,31.131,1960,tr-1,ok
961,45.146,1961,eu-1,ok
962,32.151,1962,us-1,ok
963,41.589,1963,ap-1,ok
964,38.477,1964,tr-1,ok
965,30.515,1965,eu-1,ok
966,41.125,1966,us-1,ok
967,34.404,1967,ap-1,ok
968,44.020,1968,tr-1,ok
969,44.744,1969,eu-1,ok
970,33.561,1970,us-1,ok
971,35.517,1971,ap-1,ok
972,45.489,1972,tr-1,ok
973,44.235,1973,eu-1,ok
974,42.793,1974,us-1,ok
975,45.928,1975,ap-1,ok
976,40.810,1976,tr-1,ok
977,32.454,1977,eu-1,ok
978,42.657,1978,us-1,ok
979,41.164,1979,ap-1,ok
980,39.191,1980,tr-1,ok
981,34.764,1981,eu-1,ok
982,43.801,1982,us-1,ok
983,37.621,1983,ap-1,ok
984,28.793,1984,tr-1,ok
985,28.991,1985,eu-1,ok
986,39.648,1986,us-1,ok
987,38.307,1987,ap-1,ok
988,41.341,1988,tr-1,ok
989,28.830,1989,eu-1,ok
990,34.398,1990,us-1,ok
991,35.822,1991,ap-1,ok
992,33.221,1992,tr-1,ok
993,33.685,1993,eu-1,ok
994,32.440,1994,us-1,ok
995,30.419,1995,ap-1,ok
996,27.481,1996,tr-1,ok
997,27.272,1997,eu-1,ok
998,32.298,1998,us-1,ok
999,27.227,1999,ap-1,ok
1000,39.413,2000,tr-1,ok
1001,28.086,2001,eu-1,ok
1002,28.840,2002,us-1,ok
1003,29.240,2003,ap-1,ok
1004,26.112,2004,tr-1,ok
1005,26.809,2005,eu-1,ok
1006,28.900,2006,us-1,ok
1007,39.399,2007,ap-1,ok
1008,40.596,2008,tr-1,ok
1009,40.372,2009,eu-1,ok
1010,29.129,2010,us-1,ok
1011,38.337,2011,ap-1,ok
1012,38.460,2012,tr-1,ok
1013,36.216,2013,eu-1,ok
1014,26.780,2014,us-1,ok
1015,36.180,2015,ap-1,ok
1016,33.103,2016,tr-1,ok
1017,28.132,2017,eu-1,ok
1018,38.019,2018,us-1,ok
1019,26.124,2019,ap-1,ok
1020,36.417,2020,tr-1,ok
1021,38.029,2021,eu-1,ok
1022,33.708,2022,us-1,ok
1023,28.589,2023,ap-1,ok
1024,37.489,2024,tr-1,ok
1025,33.034,2025,eu-1,ok
1026,36.747,2026,us-1,ok
1027,28.343,2027,ap-1,ok
1028,33.595,2028,tr-1,ok
1029,24.490,2029,eu-1,ok
1030,24.552,2030,us-1,ok
1031,33.204,2031,ap-1,ok
1032,28.199,2032,tr-1,ok
1033,30.702,2033,eu-1,ok
1034,26.239,2034,us-1,ok
1035,28.923,2035,ap-1,ok
1036,37.378,2036,tr-1,ok
1037,38.230,2037,eu-1,ok
1038,34.388,2038,us-1,ok
1039,31.606,2039,ap-1,ok
1040,26.384,2040,tr-1,ok
1041,25.399,2041,eu-1,ok
1042,28.429,2042,us-1,ok
1043,38.465,2043,ap-1,ok
1044,38.111,2044,tr-1,ok
1045,26.690,2045,eu-1,ok
1046,34.279,2046,us-1,ok
1047,23.038,2047,ap-1,ok
1048,28.623,2048,tr-1,ok
1049,40.211,2049,eu-1,ok
1050,35.712,2050,us-1,ok
1051,26.383,2051,ap-1,ok
1052,24.158,2052,tr-1,ok
1053,34.769,2053,eu-1,ok
1054,23.598,2054,us-1,ok
1055,26.086,2055,ap-1,ok
1056,25.749,2056,tr-1,ok
1057,39.442,2057,eu-1,ok
1058,30.104,2058,us-1,ok
1059,38.569,2059,ap-1,ok
1060,24.696,2060,tr-1,ok
1061,30.138,2061,eu-1,ok
1062,22.494,2062,us-1,ok
1063,31.679,2063,ap-1,ok
1064,28.830,2064,tr-1,ok
1065,22.003,2065,eu-1,ok
1066,32.018,2066,us-1,ok
1067,38.489,2067,ap-1,ok
1068,39.315,2068,tr-1,ok
1069,30.454,2069,eu-1,ok
1070,36.191,2070,us-1,ok
1071,22.152,2071,ap-1,ok
1072,30.754,2072,tr-1,ok
1073,25.582,2073,eu-1,ok
1074,27.054,2074,us-1,ok
1075,22.270,2075,ap-1,ok
1076,25.153,2076,tr-1,ok
1077,30.355,2077,eu-1,ok
1078,32.140,2078,us-1,ok
1079,31.468,2079,ap-1,ok
1080,29.476,2080,tr-1,ok
1081,21.789,2081,eu-1,ok
1082,28.455,2082,us-1,ok
1083,25.469,2083,ap-1,ok
1084,21.972,2084,tr-1,ok
1085,38.517,2085,eu-1,ok
1086,33.477,2086,us-1,ok
1087,25.772,2087,ap-1,ok
1088,26.897,2088,tr-1,ok
1089,28.501,2089,eu-1,ok
1090,36.848,2090,us-1,ok
1091,22.722,2091,ap-1,ok
1092,36.184,2092,tr-1,ok
1093,34.682,2093,eu-1,ok
1094,23.296,2094,us-1,ok
1095,33.340,2095,ap-1,ok
1096,23.658,2096,tr-1,ok
1097,33.446,2097,eu-1,ok
1098,21.887,2098,us-1,ok
1099,35.472,2099,ap-1,ok
1100,29.543,2100,tr-1,ok
1101,33.871,2101,eu-1,ok
1102,26.916,2102,us-1,ok
1103,32.089,2103,ap-1,ok
1104,33.074,2104,tr-1,ok
1105,37.112,2105,eu-1,ok
1106,24.258,2106,us-1,ok
1107,30.135,2107,ap-1,ok
1108,27.066,2108,tr-1,ok
1109,34.379,2109,eu-1,ok
1110,36.883,2110,us-1,ok
1111,23.156,2111,ap-1,ok
1112,24.282,2112,tr-1,ok
1113,24.106,2113,eu-1,ok
1114,35.969,2114,us-1,ok
1115,36.135,2115,ap-1,ok
1116,33.267,2116,tr-1,ok
1117,37.221,2117,eu-1,ok
1118,27.786,2118,us-1,ok
1119,32.288,2119,ap-1,ok
1120,26.935,2120,tr-1,ok
1121,21.100,2121,eu-1,ok
1122,36.089,2122,us-1,ok
1123,21.689,2123,ap-1,ok
1124,28.272,2124,tr-1,ok
1125,28.760,2125,eu-1,ok
1126,36.817,2126,us-1,ok
1127,28.780,2127,ap-1,ok
1128,26.197,2128,tr-1,ok
1129,28.799,2129,eu-1,ok
1130,28.163,2130,us-1,ok
1131,37.109,2131,ap-1,ok
1132,21.150,2132,tr-1,ok
1133,34.661,2133,eu-1,ok
1134,22.738,2134,us-1,ok
1135,22.016,2135,ap-1,ok
1136,34.533,2136,tr-1,ok
1137,34.271,2137,eu-1,ok
1138,25.740,2138,us-1,ok
1139,21.883,2139,ap-1,ok
1140,33.457,2140,tr-1,ok
1141,23.651,2141,eu-1,ok
1142,35.583,2142,us-1,ok
1143,32.301,2143,ap-1,ok
1144,32.671,2144,tr-1,ok
1145,28.447,2145,eu-1,ok
1146,20.778,2146,us-1,ok
1147,24.805,2147,ap-1,ok
1148,23.935,2148,tr-1,ok
1149,29.053,2149,eu-1,ok
1150,33.916,2150,us-1,ok
1151,28.961,2151,ap-1,ok
1152,35.967,2152,tr-1,ok
1153,35.718,2153,eu-1,ok
1154,37.768,2154,us-1,ok
1155,22.435,2155,ap-1,ok
1156,26.422,2156,tr-1,ok
1157,23.139,2157,eu-1,ok
1158,21.635,2158,us-1,ok
1159,23.152,2159,ap-1,ok
1160,24.185,2160,tr-1,ok
1161,33.011,2161,eu-1,ok
1162,32.180,2162,us-1,ok
1163,28.705,2163,ap-1,ok
1164,25.052,2164,tr-1,ok
1165,25.589,2165,eu-1,ok
1166,34.719,2166,us-1,ok
1167,26.862,2167,ap-1,ok
1168,21.140,2168,tr-1,ok
1169,22.716,2169,eu-1,ok
1170,37.409,2170,us-1,ok
1171,23.225,2171,ap-1,ok
1172,21.238,2172,tr-1,ok
1173,23.715,2173,eu-1,ok
1174,25.448,2174,us-1,ok
1175,32.552,2175,ap-1,ok
1176,23.509,2176,tr-1,ok
1177,29.548,2177,eu-1,ok
1178,31.959,2178,us-1,ok
1179,35.023,2179,ap-1,ok
1180,30.238,2180,tr-1,ok
1181,36.449,2181,eu-1,ok
1182,27.501,2182,us-1,ok
1183,22.016,2183,ap-1,ok
1184,25.337,2184,tr-1,ok
1185,26.959,2185,eu-1,ok
1186,22.785,2186,us-1,ok
1187,22.059,2187,ap-1,ok
1188,24.744,2188,tr-1,ok
1189,36.744,2189,eu-1,ok
1190,26.756,2190,us-1,ok
1191,33.813,2191,ap-1,ok
1192,29.810,2192,tr-1,ok
1193,24.648,2193,eu-1,ok
1194,27.385,2194,us-1,ok
1195,31.063,2195,ap-1,ok
1196,26.587,2196,tr-1,ok
1197,28.280,2197,eu-1,ok
1198,35.944,2198,us-1,ok
1199,38.065,2199,ap-1,ok
1200,32.031,2200,tr-1,ok
1201,37.120,2201,eu-1,ok
1202,31.154,2202,us-1,ok
1203,26.980,2203,ap-1,ok
1204,32.814,2204,tr-1,ok
1205,34.587,2205,eu-1,ok
1206,32.539,2206,us-1,ok
1207,36.674,2207,ap-1,ok
1208,27.574,2208,tr-1,ok
1209,35.024,2209,eu-1,ok
1210,26.199,2210,us-1,ok
1211,37.986,2211,ap-1,ok
1212,33.125,2212,tr-1,ok
1213,23.955,2213,eu-1,ok
1214,26.609,2214,us-1,ok
1215,27.122,2215,ap-1,ok
1216,34.464,2216,tr-1,ok
1217,33.373,2217,eu-1,ok
1218,26.081,2218,us-1,ok
1219,24.734,2219,ap-1,ok
1220,31.766,2220,tr-1,ok
1221,27.658,2221,eu-1,ok
1222,23.061,2222,us-1,ok
1223,40.715,2223,ap-1,ok
1224,24.834,2224,tr-1,ok
1225,29.410,2225,eu-1,ok
1226,25.416,2226,us-1,ok
1227,32.695,2227,ap-1,ok
1228,32.111,2228,tr-1,ok
1229,25.024,2229,eu-1,ok
1230,39.175,2230,us-1,ok
1231,35.635,2231,ap-1,ok
1232,23.957,2232,tr-1,ok
1233,25.482,2233,eu-1,ok
1234,25.087,2234,us-1,ok
1235,32.474,2235,ap-1,ok
1236,37.355,2236,tr-1,ok
1237,37.699,2237,eu-1,ok
1238,41.000,2238,us-1,ok
1239,40.523,2239,ap-1,ok
1240,32.661,2240,tr-1,ok
1241,29.646,2241,eu-1,ok
1242,28.286,2242,us-1,ok
1243,30.334,2243,ap-1,ok
1244,24.890,2244,tr-1,ok
1245,34.708,2245,eu-1,ok
1246,34.222,2246,us-1,ok
1247,31.190,2247,ap-1,ok
1248,28.564,2248,tr-1,ok
1249,26.173,2249,eu-1,ok
1250,38.385,2250,us-1,ok
1251,30.838,2251,ap-1,ok
1252,34.582,2252,tr-1,ok
1253,32.743,2253,eu-1,ok
1254,37.891,2254,us-1,ok
1255,38.426,2255,ap-1,ok
1256,29.438,2256,tr-1,ok
1257,32.731,2257,eu-1,ok
1258,31.913,2258,us-1,ok
1259,28.694,2259,ap-1,ok
1260,41.676,2260,tr-1,ok
1261,29.308,2261,eu-1,ok
1262,43.137,2262,us-1,ok
1263,28.246,2263,ap-1,ok
1264,41.838,2264,tr-1,ok
1265,30.794,2265,eu-1,ok
1266,26.883,2266,us-1,ok
1267,39.122,2267,ap-1,ok
1268,43.919,2268,tr-1,ok
1269,36.041,2269,eu-1,ok
1270,38.480,2270,us-1,ok
1271,39.289,2271,ap-1,ok
1272,26.935,2272,tr-1,ok
1273,27.843,2273,eu-1,ok
1274,29.270,2274,us-1,ok
1275,44.650,2275,ap-1,ok
1276,38.602,2276,tr-1,ok
1277,35.314,2277,eu-1,ok
1278,43.616,2278,us-1,ok
1279,44.838,2279,ap-1,ok
1280,35.365,2280,tr-1,ok
1281,41.267,2281,eu-1,ok
1282,35.788,2282,us-1,ok
1283,42.807,2283,ap-1,ok
1284,44.828,2284,tr-1,ok
1285,34.382,2285,eu-1,ok
1286,41.590,2286,us-1,ok
1287,32.770,2287,ap-1,ok
1288,38.716,2288,tr-1,ok
1289,32.964,2289,eu-1,ok
1290,28.533,2290,us-1,ok
1291,31.680,2291,ap-1,ok
1292,33.178,2292,tr-1,ok
1293,41.164,2293,eu-1,ok
1294,40.306,2294,us-1,ok
1295,31.614,2295,ap-1,ok
1296,41.655,2296,tr-1,ok
1297,45.169,2297,eu-1,ok
1298,41.589,2298,us-1,ok
1299,46.589,2299,ap-1,ok
1300,44.318,2300,tr-1,ok
1301,33.441,2301,eu-1,ok
1302,37.856,2302,us-1,ok
1303,43.026,2303,ap-1,ok
1304,34.093,2304,tr-1,ok
1305,36.415,2305,eu-1,ok
1306,36.795,2306,us-1,ok
1307,38.854,2307,ap-1,ok
1308,31.867,2308,tr-1,ok
1309,36.237,2309,eu-1,ok
1310,32.480,2310,us-1,ok
1311,41.895,2311,ap-1,ok
1312,41.913,2312,tr-1,ok
1313,32.235,2313,eu-1,ok
1314,47.826,2314,us-1,ok
1315,40.512,2315,ap-1,ok
1316,47.430,2316,tr-1,ok
1317,32.500,2317,eu-1,ok
1318,41.837,2318,us-1,ok
1319,47.832,2319,ap-1,ok
1320,47.962,2320,tr-1,ok
1321,47.529,2321,eu-1,ok
1322,41.828,2322,us-1,ok
1323,49.267,2323,ap-1,ok
1324,41.771,2324,tr-1,ok
1325,32.800,2325,eu-1,ok
1326,47.415,2326,us-1,ok
1327,45.210,2327,ap-1,ok
1328,38.902,2328,tr-1,ok
1329,46.531,2329,eu-1,ok
1330,34.888,2330,us-1,ok
1331,43.703,2331,ap-1,ok
1332,44.837,2332,tr-1,ok
1333,34.374,2333,eu-1,ok
1334,34.671,2334,us-1,ok
1335,46.011,2335,ap-1,ok
1336,41.345,2336,tr-1,ok
1337,35.988,2337,eu-1,ok
1338,45.411,2338,us-1,ok
1339,41.717,2339,ap-1,ok
1340,42.850,2340,tr-1,ok
1341,43.508,2341,eu-1,ok
1342,51.913,2342,us-1,ok
1343,40.434,2343,ap-1,ok
1344,51.336,2344,tr-1,ok
1345,40.858,2345,eu-1,ok
1346,37.360,2346,us-1,ok
1347,51.846,2347,ap-1,ok
1348,35.498,2348,tr-1,ok
1349,51.592,2349,eu-1,ok
1350,40.361,2350,us-1,ok
1351,51.883,2351,ap-1,ok
1352,44.808,2352,tr-1,ok
1353,39.715,2353,eu-1,ok
1354,50.620,2354,us-1,ok
1355,49.618,2355,ap-1,ok
1356,44.116,2356,tr-1,ok
1357,47.870,2357,eu-1,ok
1358,49.696,2358,us-1,ok
1359,41.635,2359,ap-1,ok
1360,40.976,2360,tr-1,ok
1361,47.517,2361,eu-1,ok
1362,37.278,2362,us-1,ok
1363,47.179,2363,ap-1,ok
1364,47.903,2364,tr-1,ok
1365,52.208,2365,eu-1,ok
1366,39.801,2366,us-1,ok
1367,49.259,2367,ap-1,ok
1368,49.496,2368,tr-1,ok
1369,54.005,2369,eu-1,ok
1370,55.507,2370,us-1,ok
1371,53.694,2371,ap-1,ok
1372,48.234,2372,tr-1,ok
1373,42.906,2373,eu-1,ok
1374,53.994,2374,us-1,ok
1375,39.886,2375,ap-1,ok
1376,48.029,2376,tr-1,ok
1377,50.879,2377,eu-1,ok
1378,40.949,2378,us-1,ok
1379,53.128,2379,ap-1,ok
1380,49.732,2380,tr-1,ok
1381,53.783,2381,eu-1,ok
1382,43.578,2382,us-1,ok
1383,41.164,2383,ap-1,ok
1384,42.238,2384,tr-1,ok
1385,47.373,2385,eu-1,ok
1386,46.710,2386,us-1,ok
1387,47.253,2387,ap-1,ok
1388,56.217,2388,tr-1,ok
1389,45.009,2389,eu-1,ok
1390,49.978,2390,us-1,ok
1391,46.563,2391,ap-1,ok
1392,51.083,2392,tr-1,ok
1393,57.103,2393,eu-1,ok
1394,42.467,2394,us-1,ok
1395,42.057,2395,ap-1,ok
1396,51.299,2396,tr-1,ok
1397,49.557,2397,eu-1,ok
1398,57.709,2398,us-1,ok
1399,44.755,2399,ap-1,ok
1400,54.275,2400,tr-1,ok
1401,46.435,2401,eu-1,ok
1402,54.637,2402,us-1,ok
1403,46.728,2403,ap-1,ok
1404,46.518,2404,tr-1,ok
1405,54.586,2405,eu-1,ok
1406,46.690,2406,us-1,ok
1407,53.453,2407,ap-1,ok
1408,55.963,2408,tr-1,ok
1409,60.616,2409,eu-1,ok
1410,61.108,2410,us-1,ok
1411,53.170,2411,ap-1,ok
1412,46.840,2412,tr-1,ok
1413,50.378,2413,eu-1,ok
1414,51.214,2414,us-1,ok
1415,45.424,2415,ap-1,ok
1416,59.175,2416,tr-1,ok
1417,60.048,2417,eu-1,ok
1418,46.639,2418,us-1,ok
1419,57.619,2419,ap-1,ok
1420,46.119,2420,tr-1,ok
1421,47.817,2421,eu-1,ok
1422,49.013,2422,us-1,ok
1423,59.626,2423,ap-1,ok
1424,55.293,2424,tr-1,ok
1425,47.057,2425,eu-1,ok
1426,56.793,2426,us-1,ok
1427,60.788,2427,ap-1,ok
1428,56.112,2428,tr-1,ok
1429,61.881,2429,eu-1,ok
1430,51.464,2430,us-1,ok
1431,62.768,2431,ap-1,ok
1432,54.713,2432,tr-1,ok
1433,55.044,2433,eu-1,ok
1434,62.203,2434,us-1,ok
1435,57.951,2435,ap-1,ok
1436,62.252,2436,tr-1,ok
1437,61.738,2437,eu-1,ok
1438,55.813,2438,us-1,ok
1439,59.869,2439,ap-1,ok
1440,50.755,2440,tr-1,ok
1441,63.047,2441,eu-1,ok
1442,62.843,2442,us-1,ok
1443,66.493,2443,ap-1,ok
1444,51.908,2444,tr-1,ok
1445,55.754,2445,eu-1,ok
1446,66.685,2446,us-1,ok
1447,54.165,2447,ap-1,ok
1448,52.629,2448,tr-1,ok
1449,67.444,2449,eu-1,ok
1450,58.616,2450,us-1,ok
1451,67.108,2451,ap-1,ok
1452,59.704,2452,tr-1,ok
1453,68.539,2453,eu-1,ok
1454,57.072,2454,us-1,ok
1455,64.697,2455,ap-1,ok
1456,66.514,2456,tr-1,ok
1457,54.558,2457,eu-1,ok
1458,69.048,2458,us-1,ok
1459,57.149,2459,ap-1,ok
1460,60.590,2460,tr-1,ok
1461,60.036,2461,eu-1,ok
1462,66.584,2462,us-1,ok
1463,67.700,2463,ap-1,ok
1464,53.804,2464,tr-1,ok
1465,53.927,2465,eu-1,ok
1466,59.703,2466,us-1,ok
1467,59.343,2467,ap-1,ok
1468,66.943,2468,tr-1,ok
1469,71.035,2469,eu-1,ok
1470,56.639,2470,us-1,ok
1471,60.365,2471,ap-1,ok
1472,59.534,2472,tr-1,ok
1473,59.963,2473,eu-1,ok
1474,72.134,2474,us-1,ok
1475,70.916,2475,ap-1,ok
1476,63.686,2476,tr-1,ok
1477,55.372,2477,eu-1,ok
1478,69.537,2478,us-1,ok
1479,72.207,2479,ap-1,ok
1480,72.725,2480,tr-1,ok
1481,66.439,2481,eu-1,ok
1482,65.705,2482,us-1,ok
1483,69.971,2483,ap-1,ok
1484,62.116,2484,tr-1,ok
1485,57.810,2485,eu-1,ok
1486,65.816,2486,us-1,ok
1487,69.285,2487,ap-1,ok
1488,60.805,2488,tr-1,ok
1489,57.104,2489,eu-1,ok
1490,73.330,2490,us-1,ok
1491,73.148,2491,ap-1,ok
1492,69.120,2492,tr-1,ok
1493,70.807,2493,eu-1,ok
1494,65.218,2494,us-1,ok
1495,72.157,2495,ap-1,ok
1496,66.806,2496,tr-1,ok
1497,63.416,2497,eu-1,ok
1498,74.018,2498,us-1,ok
1499,66.035,2499,ap-1,ok
1500,66.175,2500,tr-1,ok
1501,73.134,2501,eu-1,ok
1502,73.701,2502,us-1,ok
1503,74.630,2503,ap-1,ok
1504,72.909,2504,tr-1,ok
1505,73.805,2505,eu-1,ok
1506,68.548,2506,us-1,ok
1507,60.700,2507,ap-1,ok
1508,63.940,2508,tr-1,ok
1509,76.646,2509,eu-1,ok
1510,78.339,2510,us-1,ok
1511,73.237,2511,ap-1,ok
1512,68.163,2512,tr-1,ok
1513,76.079,2513,eu-1,ok
1514,71.119,2514,us-1,ok
1515,76.075,2515,ap-1,ok
1516,61.504,2516,tr-1,ok
1517,76.749,2517,eu-1,ok
1518,64.514,2518,us-1,ok
1519,71.843,2519,ap-1,ok
1520,75.811,2520,tr-1,ok
1521,66.488,2521,eu-1,ok
1522,79.851,2522,us-1,ok
1523,68.139,2523,ap-1,ok
1524,79.760,2524,tr-1,ok
1525,64.970,2525,eu-1,ok
1526,72.777,2526,us-1,ok
1527,76.221,2527,ap-1,ok
1528,74.639,2528,tr-1,ok
1529,71.582,2529,eu-1,ok
1530,75.068,2530,us-1,ok
1531,64.758,2531,ap-1,ok
1532,74.559,2532,tr-1,ok
1533,75.048,2533,eu-1,ok
1534,68.211,2534,us-1,ok
1535,69.312,2535,ap-1,ok
1536,77.427,2536,tr-1,ok
1537,67.656,2537,eu-1,ok
1538,82.206,2538,us-1,ok
1539,69.135,2539,ap-1,ok
1540,74.205,2540,tr-1,ok
1541,76.782,2541,eu-1,ok
1542,82.447,2542,us-1,ok
1543,79.807,2543,ap-1,ok
1544,72.646,2544,tr-1,ok
1545,81.631,2545,eu-1,ok
1546,78.999,2546,us-1,ok
1547,83.082,2547,ap-1,ok
1548,67.983,2548,tr-1,ok
1549,79.058,2549,eu-1,ok
1550,84.156,2550,us-1,ok
1551,74.773,2551,ap-1,ok
1552,68.973,2552,tr-1,ok
1553,75.365,2553,eu-1,ok
1554,81.222,2554,us-1,ok
1555,83.020,2555,ap-1,ok
1556,79.191,2556,tr-1,ok
1557,76.709,2557,eu-1,ok
1558,78.389,2558,us-1,ok
1559,78.210,2559,ap-1,ok
1560,71.255,2560,tr-1,ok
1561,77.957,2561,eu-1,ok
1562,85.713,2562,us-1,ok
1563,75.357,2563,ap-1,ok
1564,71.887,2564,tr-1,ok
1565,72.578,2565,eu-1,ok
1566,79.818,2566,us-1,ok
1567,76.514,2567,ap-1,ok
1568,79.860,2568,tr-1,ok
1569,85.528,2569,eu-1,ok
1570,80.615,2570,us-1,ok
1571,72.024,2571,ap-1,ok
1572,82.079,2572,tr-1,ok
1573,80.490,2573,eu-1,ok
1574,81.772,2574,us-1,ok
1575,76.298,2575,ap-1,ok
1576,85.437,2576,tr-1,ok
1577,80.563,2577,eu-1,ok
1578,80.641,2578,us-1,ok
1579,83.465,2579,ap-1,ok
1580,87.469,2580,tr-1,ok
1581,88.765,2581,eu-1,ok
1582,89.558,2582,us-1,ok
1583,88.060,2583,ap-1,ok
1584,84.521,2584,tr-1,ok
1585,73.033,2585,eu-1,ok
1586,83.456,2586,us-1,ok
1587,82.935,2587,ap-1,ok
1588,89.490,2588,tr-1,ok
1589,89.340,2589,eu-1,ok
1590,78.641,2590,us-1,ok
1591,80.415,2591,ap-1,ok
1592,83.581,2592,tr-1,ok
1593,79.111,2593,eu-1,ok
1594,78.494,2594,us-1,ok
1595,84.239,2595,ap-1,ok
1596,76.958,2596,tr-1,ok
1597,80.378,2597,eu-1,ok
1598,86.201,2598,us-1,ok
1599,85.353,2599,ap-1,ok
1600,83.511,2600,tr-1,ok
1601,85.192,2601,eu-1,ok
1602,77.643,2602,us-1,ok
1603,84.898,2603,ap-1,ok
1604,80.673,2604,tr-1,ok
1605,79.527,2605,eu-1,ok
1606,78.255,2606,us-1,ok
1607,86.192,2607,ap-1,ok
1608,83.342,2608,tr-1,ok
1609,87.313,2609,eu-1,ok
1610,82.791,2610,us-1,ok
1611,79.587,2611,ap-1,ok
1612,83.578,2612,tr-1,ok
1613,90.800,2613,eu-1,ok
1614,90.723,2614,us-1,ok
1615,82.002,2615,ap-1,ok
1616,82.036,2616,tr-1,ok
1617,85.195,2617,eu-1,ok
1618,78.134,2618,us-1,ok
1619,93.781,2619,ap-1,ok
1620,84.309,2620,tr-1,ok
1621,94.418,2621,eu-1,ok
1622,94.658,2622,us-1,ok
1623,88.514,2623,ap-1,ok
1624,94.262,2624,tr-1,ok
1625,83.017,2625,eu-1,ok
1626,84.285,2626,us-1,ok
1627,94.577,2627,ap-1,ok
1628,92.092,2628,tr-1,ok
1629,87.032,2629,eu-1,ok
1630,85.238,2630,us-1,ok
1631,83.606,2631,ap-1,ok
1632,81.057,2632,tr-1,ok
1633,84.873,2633,eu-1,ok
1634,87.720,2634,us-1,ok
1635,83.084,2635,ap-1,ok
1636,93.616,2636,tr-1,ok
1637,81.112,2637,eu-1,ok
1638,92.586,2638,us-1,ok
1639,89.089,2639,ap-1,ok
1640,84.643,2640,tr-1,ok
1641,89.900,2641,eu-1,ok
1642,86.717,2642,us-1,ok
1643,84.524,2643,ap-1,ok
1644,98.068,2644,tr-1,ok
1645,86.773,2645,eu-1,ok
1646,90.197,2646,us-1,ok
1647,99.179,2647,ap-1,ok
1648,98.502,2648,tr-1,ok
1649,83.585,2649,eu-1,ok
1650,84.390,2650,us-1,ok
1651,96.075,2651,ap-1,ok
1652,89.580,2652,tr-1,ok
1653,89.731,2653,eu-1,ok
1654,97.402,2654,us-1,ok
1655,98.899,2655,ap-1,ok
1656,92.663,2656,tr-1,ok
1657,95.415,2657,eu-1,ok
1658,92.640,2658,us-1,ok
1659,89.771,2659,ap-1,ok
1660,85.959,2660,tr-1,ok
1661,89.661,2661,eu-1,ok
1662,86.983,2662,us-1,ok
1663,101.153,2663,ap-1,ok
1664,95.996,2664,tr-1,ok
1665,85.835,2665,eu-1,ok
1666,88.610,2666,us-1,ok
1667,89.297,2667,ap-1,ok
1668,90.535,2668,tr-1,ok
1669,86.880,2669,eu-1,ok
1670,97.254,2670,us-1,ok
1671,97.444,2671,ap-1,ok
1672,100.761,2672,tr-1,ok
1673,101.413,2673,eu-1,ok
1674,101.039,2674,us-1,ok
1675,100.854,2675,ap-1,ok
1676,93.301,2676,tr-1,ok
1677,96.765,2677,eu-1,ok
1678,103.840,2678,us-1,ok
1679,93.984,2679,ap-1,ok
1680,90.490,2680,tr-1,ok
1681,92.444,2681,eu-1,ok
1682,89.423,2682,us-1,ok
1683,97.110,2683,ap-1,ok
1684,96.865,2684,tr-1,ok
1685,100.241,2685,eu-1,ok
1686,101.560,2686,us-1,ok
1687,89.425,2687,ap-1,ok
1688,98.913,2688,tr-1,ok
1689,89.409,2689,eu-1,ok
1690,103.000,2690,us-1,ok
1691,101.289,2691,ap-1,ok
1692,95.210,2692,tr-1,ok
1693,92.243,2693,eu-1,ok
1694,93.126,2694,us-1,ok
1695,91.533,2695,ap-1,ok
1696,100.475,2696,tr-1,ok
1697,95.012,2697,eu-1,ok
1698,92.238,2698,us-1,ok
1699,98.954,2699,ap-1,ok
1700,94.789,2700,tr-1,ok
1701,106.229,2701,eu-1,ok
1702,94.346,2702,us-1,ok
1703,95.900,2703,ap-1,ok
1704,101.578,2704,tr-1,ok
1705,97.999,2705,eu-1,ok
1706,97.033,2706,us-1,ok
1707,102.296,2707,ap-1,ok
1708,97.298,2708,tr-1,ok
1709,94.612,2709,eu-1,ok
1710,101.469,2710,us-1,ok
1711,96.131,2711,ap-1,ok
1712,107.241,2712,tr-1,ok
1713,106.416,2713,eu-1,ok
1714,100.896,2714,us-1,ok
1715,104.834,2715,ap-1,ok
1716,99.374,2716,tr-1,ok
1717,102.845,2717,eu-1,ok
1718,102.392,2718,us-1,ok
1719,93.155,2719,ap-1,ok
1720,96.586,2720,tr-1,ok
1721,97.004,2721,eu-1,ok
1722,95.464,2722,us-1,ok
1723,96.005,2723,ap-1,ok
1724,108.878,2724,tr-1,ok
1725,108.322,2725,eu-1,ok
1726,92.862,2726,us-1,ok
1727,95.176,2727,ap-1,ok
1728,99.077,2728,tr-1,ok
1729,96.062,2729,eu-1,ok
1730,102.477,2730,us-1,ok
1731,93.000,2731,ap-1,ok
1732,98.046,2732,tr-1,ok
1733,105.895,2733,eu-1,ok
1734,97.608,2734,us-1,ok
1735,110.305,2735,ap-1,ok
1736,96.390,2736,tr-1,ok
1737,110.119,2737,eu-1,ok
1738,95.878,2738,us-1,ok
1739,98.858,2739,ap-1,ok
1740,108.614,2740,tr-1,ok
1741,96.975,2741,eu-1,ok
1742,101.252,2742,us-1,ok
1743,110.777,2743,ap-1,ok
1744,109.863,2744,tr-1,ok
1745,98.799,2745,eu-1,ok
1746,94.632,2746,us-1,ok
1747,95.756,2747,ap-1,ok
1748,100.794,2748,tr-1,ok
1749,99.571,2749,eu-1,ok
1750,99.495,2750,us-1,ok
1751,102.584,2751,ap-1,ok
1752,111.847,2752,tr-1,ok
1753,96.020,2753,eu-1,ok
1754,105.268,2754,us-1,ok
1755,109.225,2755,ap-1,ok
1756,94.630,2756,tr-1,ok
1757,98.832,2757,eu-1,ok
1758,111.340,2758,us-1,ok
1759,112.158,2759,ap-1,ok
1760,101.902,2760,tr-1,ok
1761,98.033,2761,eu-1,ok
1762,105.497,2762,us-1,ok
1763,103.657,2763,ap-1,ok
1764,105.562,2764,tr-1,ok
1765,106.684,2765,eu-1,ok
1766,112.681,2766,us-1,ok
1767,102.914,2767,ap-1,ok
1768,101.024,2768,tr-1,ok
1769,103.513,2769,eu-1,ok
1770,113.158,2770,us-1,ok
1771,113.184,2771,ap-1,ok
1772,97.612,2772,tr-1,ok
1773,103.381,2773,eu-1,ok
1774,105.593,2774,us-1,ok
1775,112.574,2775,ap-1,ok
1776,99.420,2776,tr-1,ok
1777,100.178,2777,eu-1,ok
1778,107.177,2778,us-1,ok
1779,98.203,2779,ap-1,ok
1780,104.816,2780,tr-1,ok
1781,110.574,2781,eu-1,ok
1782,108.706,2782,us-1,ok
1783,99.116,2783,ap-1,ok
1784,101.279,2784,tr-1,ok
1785,96.935,2785,eu-1,ok
1786,111.196,2786,us-1,ok
1787,97.753,2787,ap-1,ok
1788,105.709,2788,tr-1,ok
1789,103.252,2789,eu-1,ok
1790,114.749,2790,us-1,ok
1791,97.522,2791,ap-1,ok
1792,114.294,2792,tr-1,ok
1793,110.254,2793,eu-1,ok
1794,99.963,2794,us-1,ok
1795,98.657,2795,ap-1,ok
1796,105.420,2796,tr-1,ok
1797,110.959,2797,eu-1,ok
1798,99.872,2798,us-1,ok
1799,105.773,2799,ap-1,ok
1800,106.972,2800,tr-1,ok
1801,112.590,2801,eu-1,ok
1802,115.216,2802,us-1,ok
1803,110.977,2803,ap-1,ok
1804,103.574,2804,tr-1,ok
1805,110.183,2805,eu-1,ok
1806,103.448,2806,us-1,ok
1807,99.615,2807,ap-1,ok
1808,101.015,2808,tr-1,ok
1809,113.386,2809,eu-1,ok
1810,106.880,2810,us-1,ok
1811,111.930,2811,ap-1,ok
1812,106.650,2812,tr-1,ok
1813,109.207,2813,eu-1,ok
1814,105.384,2814,us-1,ok
1815,104.083,2815,ap-1,ok
1816,112.731,2816,tr-1,ok
1817,111.656,2817,eu-1,ok
1818,99.881,2818,us-1,ok
1819,100.193,2819,ap-1,ok
1820,100.619,2820,tr-1,ok
1821,113.428,2821,eu-1,ok
1822,106.446,2822,us-1,ok
1823,114.115,2823,ap-1,ok
1824,113.113,2824,tr-1,ok
1825,101.038,2825,eu-1,ok
1826,99.987,2826,us-1,ok
1827,100.661,2827,ap-1,ok
1828,113.603,2828,tr-1,ok
1829,113.991,2829,eu-1,ok
1830,115.527,2830,us-1,ok
1831,111.314,2831,ap-1,ok
1832,114.669,2832,tr-1,ok
1833,115.165,2833,eu-1,ok
1834,100.977,2834,us-1,ok
1835,103.145,2835,ap-1,ok
1836,99.260,2836,tr-1,ok
1837,116.893,2837,eu-1,ok
1838,113.062,2838,us-1,ok
1839,112.017,2839,ap-1,ok
1840,102.819,2840,tr-1,ok
1841,108.806,2841,eu-1,ok
1842,115.490,2842,us-1,ok
1843,108.230,2843,ap-1,ok
1844,102.459,2844,tr-1,ok
1845,108.729,2845,eu-1,ok
1846,107.964,2846,us-1,ok
1847,105.331,2847,ap-1,ok
1848,111.755,2848,tr-1,ok
1849,101.099,2849,eu-1,ok
1850,107.811,2850,us-1,ok
1851,104.506,2851,ap-1,ok
1852,102.973,2852,tr-1,ok
1853,109.197,2853,eu-1,ok
1854,107.729,2854,us-1,ok
1855,110.042,2855,ap-1,ok
1856,104.929,2856,tr-1,ok
1857,103.723,2857,eu-1,ok
1858,111.449,2858,us-1,ok
1859,103.081,2859,ap-1,ok
1860,101.467,2860,tr-1,ok
1861,113.388,2861,eu-1,ok
1862,110.277,2862,us-1,ok
1863,111.019,2863,ap-1,ok
1864,113.751,2864,tr-1,ok
1865,109.345,2865,eu-1,ok
1866,115.891,2866,us-1,ok
1867,106.569,2867,ap-1,ok
1868,117.544,2868,tr-1,ok
1869,108.312,2869,eu-1,ok
1870,104.698,2870,us-1,ok
1871,102.283,2871,ap-1,ok
1872,107.560,2872,tr-1,ok
1873,117.205,2873,eu-1,ok
1874,102.308,2874,us-1,ok
1875,115.027,2875,ap-1,ok
1876,103.144,2876,tr-1,ok
1877,114.628,2877,eu-1,ok
1878,100.280,2878,us-1,ok
1879,115.487,2879,ap-1,ok
1880,106.874,2880,tr-1,ok
1881,102.890,2881,eu-1,ok
1882,109.736,2882,us-1,ok
1883,100.362,2883,ap-1,ok
1884,113.947,2884,tr-1,ok
1885,111.032,2885,eu-1,ok
1886,116.147,2886,us-1,ok
1887,101.300,2887,ap-1,ok
1888,105.087,2888,tr-1,ok
1889,101.978,2889,eu-1,ok
1890,111.645,2890,us-1,ok
1891,113.594,2891,ap-1,ok
1892,108.086,2892,tr-1,ok
1893,108.141,2893,eu-1,ok
1894,111.819,2894,us-1,ok
1895,115.815,2895,ap-1,ok
1896,104.452,2896,tr-1,ok
1897,112.519,2897,eu-1,ok
1898,116.139,2898,us-1,ok
1899,108.057,2899,ap-1,ok
1900,113.803,2900,tr-1,ok
1901,102.767,2901,eu-1,ok
1902,107.988,2902,us-1,ok
1903,100.081,2903,ap-1,ok
1904,113.832,2904,tr-1,ok
1905,110.920,2905,eu-1,ok
1906,112.349,2906,us-1,ok
1907,107.348,2907,ap-1,ok
1908,105.644,2908,tr-1,ok
1909,112.490,2909,eu-1,ok
1910,112.882,2910,us-1,ok
1911,113.548,2911,ap-1,ok
1912,117.158,2912,tr-1,ok
1913,111.714,2913,eu-1,ok
1914,103.653,2914,us-1,ok
1915,108.254,2915,ap-1,ok
1916,100.749,2916,tr-1,ok
1917,116.647,2917,eu-1,ok
1918,113.749,2918,us-1,ok
1919,101.710,2919,ap-1,ok
1920,103.941,2920,tr-1,ok
1921,108.517,2921,eu-1,ok
1922,112.367,2922,us-1,ok
1923,109.090,2923,ap-1,ok
1924,108.430,2924,tr-1,ok
1925,104.976,2925,eu-1,ok
1926,100.050,2926,us-1,ok
1927,112.370,2927,ap-1,ok
1928,107.466,2928,tr-1,ok
1929,106.926,2929,eu-1,ok
1930,101.911,2930,us-1,ok
1931,103.469,2931,ap-1,ok
1932,101.102,2932,tr-1,ok
1933,100.507,2933,eu-1,ok
1934,103.939,2934,us-1,ok
1935,103.284,2935,ap-1,ok
1936,113.294,2936,tr-1,ok
1937,101.105,2937,eu-1,ok
1938,115.845,2938,us-1,ok
1939,107.506,2939,ap-1,ok
1940,110.813,2940,tr-1,ok
1941,108.511,2941,eu-1,ok
1942,114.598,2942,us-1,ok
1943,113.205,2943,ap-1,ok
1944,107.347,2944,tr-1,ok
1945,99.810,2945,eu-1,ok
1946,100.881,2946,us-1,ok
1947,102.970,2947,ap-1,ok
1948,101.311,2948,tr-1,ok
1949,106.282,2949,eu-1,ok
1950,108.856,2950,us-1,ok
1951,108.559,2951,ap-1,ok
1952,113.903,2952,tr-1,ok
1953,108.625,2953,eu-1,ok
1954,101.889,2954,us-1,ok
1955,115.347,2955,ap-1,ok
1956,115.938,2956,tr-1,ok
1957,105.686,2957,eu-1,ok
1958,100.495,2958,us-1,ok
1959,103.143,2959,ap-1,ok
1960,107.206,2960,tr-1,ok
1961,98.924,2961,eu-1,ok
1962,100.907,2962,us-1,ok
1963,101.502,2963,ap-1,ok
1964,103.750,2964,tr-1,ok
1965,99.256,2965,eu-1,ok
1966,99.206,2966,us-1,ok
1967,105.485,2967,ap-1,ok
1968,115.540,2968,tr-1,ok
1969,111.141,2969,eu-1,ok
1970,112.328,2970,us-1,ok
1971,106.793,2971,ap-1,ok
1972,106.640,2972,tr-1,ok
1973,107.233,2973,eu-1,ok
1974,97.524,2974,us-1,ok
1975,102.992,2975,ap-1,ok
1976,105.066,2976,tr-1,ok
1977,106.972,2977,eu-1,ok
1978,112.783,2978,us-1,ok
1979,106.162,2979,ap-1,ok
1980,98.985,2980,tr-1,ok
1981,103.292,2981,eu-1,ok
1982,97.985,2982,us-1,ok
1983,107.316,2983,ap-1,ok
1984,113.578,2984,tr-1,ok
1985,101.225,2985,eu-1,ok
1986,99.315,2986,us-1,ok
1987,98.827,2987,ap-1,ok
1988,98.380,2988,tr-1,ok
1989,103.662,2989,eu-1,ok
1990,113.069,2990,us-1,ok
1991,99.940,2991,ap-1,ok
1992,98.020,2992,tr-1,ok
1993,98.881,2993,eu-1,ok
1994,99.879,2994,us-1,ok
1995,98.365,2995,ap-1,ok
1996,103.037,2996,tr-1,ok
1997,96.643,2997,eu-1,ok
1998,104.131,2998,us-1,ok
1999,109.233,2999,ap-1,ok
2000,98.836,3000,tr-1,ok
2001,109.422,3001,eu-1,ok
2002,106.716,3002,us-1,ok
2003,104.589,3003,ap-1,ok
2004,104.677,3004,tr-1,ok
2005,104.057,3005,eu-1,ok
2006,101.557,3006,us-1,ok
2007,111.581,3007,ap-1,ok
2008,102.447,3008,tr-1,ok
2009,111.061,3009,eu-1,ok
2010,106.810,3010,us-1,ok
2011,96.878,3011,ap-1,ok
2012,98.315,3012,tr-1,ok
2013,110.604,3013,eu-1,ok
2014,97.681,3014,us-1,ok
2015,111.204,3015,ap-1,ok
2016,98.977,3016,tr-1,ok
2017,100.861,3017,eu-1,ok
2018,95.158,3018,us-1,ok
2019,102.499,3019,ap-1,ok
2020,104.689,3020,tr-1,ok
2021,98.736,3021,eu-1,ok
2022,104.474,3022,us-1,ok
2023,102.943,3023,ap-1,ok
2024,110.428,3024,tr-1,ok
2025,94.583,3025,eu-1,ok
2026,105.254,3026,us-1,ok
2027,101.283,3027,ap-1,ok
2028,108.918,3028,tr-1,ok
2029,103.032,3029,eu-1,ok
2030,100.824,3030,us-1,ok
2031,104.707,3031,ap-1,ok
2032,106.819,3032,tr-1,ok
2033,109.373,3033,eu-1,ok
2034,100.335,3034,us-1,ok
2035,97.088,3035,ap-1,ok
2036,99.451,3036,tr-1,ok
2037,103.662,3037,eu-1,ok
2038,102.744,3038,us-1,ok
2039,101.086,3039,ap-1,ok
2040,105.865,3040,tr-1,ok
2041,99.718,3041,eu-1,ok
2042,101.790,3042,us-1,ok
2043,103.164,3043,ap-1,ok
2044,106.007,3044,tr-1,ok
2045,95.807,3045,eu-1,ok
2046,91.894,3046,us-1,ok
2047,100.124,3047,ap-1,ok
2048,99.793,3048,tr-1,ok
2049,99.593,3049,eu-1,ok
2050,99.655,3050,us-1,ok
2051,99.507,3051,ap-1,ok
2052,98.890,3052,tr-1,ok
2053,97.574,3053,eu-1,ok
2054,97.530,3054,us-1,ok
2055,99.460,3055,ap-1,ok
2056,108.253,3056,tr-1,ok
2057,103.390,3057,eu-1,ok
2058,95.603,3058,us-1,ok
2059,99.088,3059,ap-1,ok
2060,103.368,3060,tr-1,ok
2061,100.257,3061,eu-1,ok
2062,101.149,3062,us-1,ok
2063,98.448,3063,ap-1,ok
2064,89.661,3064,tr-1,ok
2065,92.739,3065,eu-1,ok
2066,92.432,3066,us-1,ok
2067,102.688,3067,ap-1,ok
2068,92.583,3068,tr-1,ok
2069,105.893,3069,eu-1,ok
2070,100.898,3070,us-1,ok
2071,105.948,3071,ap-1,ok
2072,104.559,3072,tr-1,ok
2073,103.954,3073,eu-1,ok
2074,94.400,3074,us-1,ok
2075,91.243,3075,ap-1,ok
2076,103.352,3076,tr-1,ok
2077,99.503,3077,eu-1,ok
2078,96.481,3078,us-1,ok
2079,105.403,3079,ap-1,ok
2080,91.478,3080,tr-1,ok
2081,98.260,3081,eu-1,ok
2082,89.247,3082,us-1,ok
2083,98.838,3083,ap-1,ok
2084,94.231,3084,tr-1,ok
2085,94.783,3085,eu-1,ok
2086,97.801,3086,us-1,ok
2087,103.802,3087,ap-1,ok
2088,100.973,3088,tr-1,ok
2089,95.007,3089,eu-1,ok
2090,87.722,3090,us-1,ok
2091,89.268,3091,ap-1,ok
2092,94.769,3092,tr-1,ok
2093,98.088,3093,eu-1,ok
2094,97.497,3094,us-1,ok
2095,94.346,3095,ap-1,ok
2096,101.597,3096,tr-1,ok
2097,99.601,3097,eu-1,ok
2098,88.042,3098,us-1,ok
2099,99.815,3099,ap-1,ok
2100,87.168,3100,tr-1,ok
2101,90.982,3101,eu-1,ok
2102,89.702,3102,us-1,ok
2103,95.871,3103,ap-1,ok
2104,97.358,3104,tr-1,ok
2105,96.779,3105,eu-1,ok
2106,86.939,3106,us-1,ok
2107,102.008,3107,ap-1,ok
2108,97.744,3108,tr-1,ok
2109,98.434,3109,eu-1,ok
2110,98.675,3110,us-1,ok
2111,84.151,3111,ap-1,ok
2112,93.436,3112,tr-1,ok
2113,85.591,3113,eu-1,ok
2114,83.266,3114,us-1,ok
2115,91.785,3115,ap-1,ok
2116,91.178,3116,tr-1,ok
2117,96.742,3117,eu-1,ok
2118,91.711,3118,us-1,ok
2119,98.475,3119,ap-1,ok
2120,97.661,3120,tr-1,ok
2121,98.592,3121,eu-1,ok
2122,93.803,3122,us-1,ok
2123,94.500,3123,ap-1,ok
2124,87.903,3124,tr-1,ok
2125,97.335,3125,eu-1,ok
2126,93.714,3126,us-1,ok
2127,98.402,3127,ap-1,ok
2128,84.105,3128,tr-1,ok
2129,83.449,3129,eu-1,ok
2130,94.432,3130,us-1,ok
2131,91.358,3131,ap-1,ok
2132,97.084,3132,tr-1,ok
2133,89.446,3133,eu-1,ok
2134,92.110,3134,us-1,ok
2135,85.721,3135,ap-1,ok
2136,93.150,3136,tr-1,ok
2137,92.018,3137,eu-1,ok
2138,94.660,3138,us-1,ok
2139,95.839,3139,ap-1,ok
2140,79.521,3140,tr-1,ok
2141,90.854,3141,eu-1,ok
2142,91.488,3142,us-1,ok
2143,81.808,3143,ap-1,ok
2144,85.380,3144,tr-1,ok
2145,91.603,3145,eu-1,ok
2146,79.403,3146,us-1,ok
2147,86.844,3147,ap-1,ok
2148,88.320,3148,tr-1,ok
2149,84.764,3149,eu-1,ok
2150,83.002,3150,us-1,ok
2151,82.772,3151,ap-1,ok
2152,77.992,3152,tr-1,ok
2153,89.682,3153,eu-1,ok
2154,81.019,3154,us-1,ok
2155,79.270,3155,ap-1,ok
2156,92.349,3156,tr-1,ok
2157,78.236,3157,eu-1,ok
2158,83.352,3158,us-1,ok
2159,81.201,3159,ap-1,ok
2160,84.288,3160,tr-1,ok
2161,79.572,3161,eu-1,ok
2162,81.906,3162,us-1,ok
2163,79.954,3163,ap-1,ok
2164,77.802,3164,tr-1,ok
2165,87.794,3165,eu-1,ok
2166,83.703,3166,us-1,ok
2167,82.815,3167,ap-1,ok
2168,87.956,3168,tr-1,ok
2169,80.007,3169,eu-1,ok
2170,78.320,3170,us-1,ok
2171,89.031,3171,ap-1,ok
2172,86.213,3172,tr-1,ok
2173,92.365,3173,eu-1,ok
2174,74.642,3174,us-1,ok
2175,82.790,3175,ap-1,ok
2176,80.991,3176,tr-1,ok
2177,86.024,3177,eu-1,ok
2178,83.982,3178,us-1,ok
2179,90.817,3179,ap-1,ok
2180,86.132,3180,tr-1,ok
2181,78.839,3181,eu-1,ok
2182,77.107,3182,us-1,ok
2183,79.210,3183,ap-1,ok
2184,81.602,3184,tr-1,ok
2185,86.753,3185,eu-1,ok
2186,84.641,3186,us-1,ok
2187,75.287,3187,ap-1,ok
2188,79.883,3188,tr-1,ok
2189,72.120,3189,eu-1,ok
2190,85.677,3190,us-1,ok
2191,88.800,3191,ap-1,ok
2192,73.043,3192,tr-1,ok
2193,78.315,3193,eu-1,ok
2194,80.797,3194,us-1,ok
2195,73.035,3195,ap-1,ok
2196,80.310,3196,tr-1,ok
2197,80.739,3197,eu-1,ok
2198,78.729,3198,us-1,ok
2199,85.955,3199,ap-1,ok
2200,71.968,3200,tr-1,ok
2201,77.466,3201,eu-1,ok
2202,78.709,3202,us-1,ok
2203,83.603,3203,ap-1,ok
2204,78.789,3204,tr-1,ok
2205,72.496,3205,eu-1,ok
2206,81.708,3206,us-1,ok
2207,86.144,3207,ap-1,ok
2208,78.438,3208,tr-1,ok
2209,85.406,3209,eu-1,ok
2210,70.649,3210,us-1,ok
2211,83.353,3211,ap-1,ok
2212,81.254,3212,tr-1,ok
2213,72.254,3213,eu-1,ok
2214,71.504,3214,us-1,ok
2215,71.776,3215,ap-1,ok
2216,77.894,3216,tr-1,ok
2217,84.711,3217,eu-1,ok
2218,70.933,3218,us-1,ok
2219,75.235,3219,ap-1,ok
2220,71.638,3220,tr-1,ok
2221,71.789,3221,eu-1,ok
2222,67.689,3222,us-1,ok
2223,78.677,3223,ap-1,ok
2224,80.984,3224,tr-1,ok
2225,73.844,3225,eu-1,ok
2226,70.604,3226,us-1,ok
2227,73.088,3227,ap-1,ok
2228,82.105,3228,tr-1,ok
2229,74.462,3229,eu-1,ok
2230,80.803,3230,us-1,ok
2231,81.552,3231,ap-1,ok
2232,74.946,3232,tr-1,ok
2233,81.222,3233,eu-1,ok
2234,74.523,3234,us-1,ok
2235,78.246,3235,ap-1,ok
2236,69.360,3236,tr-1,ok
2237,65.594,3237,eu-1,ok
2238,71.646,3238,us-1,ok
2239,79.934,3239,ap-1,ok
2240,74.120,3240,tr-1,ok
2241,80.437,3241,eu-1,ok
2242,76.740,3242,us-1,ok
2243,72.721,3243,ap-1,ok
2244,70.143,3244,tr-1,ok
2245,67.765,3245,eu-1,ok
2246,74.341,3246,us-1,ok
2247,67.635,3247,ap-1,ok
2248,68.122,3248,tr-1,ok
2249,64.890,3249,eu-1,ok
2250,77.064,3250,us-1,ok
2251,64.657,3251,ap-1,ok
2252,67.647,3252,tr-1,ok
2253,70.286,3253,eu-1,ok
2254,66.609,3254,us-1,ok
2255,76.446,3255,ap-1,ok
2256,64.810,3256,tr-1,ok
2257,63.109,3257,eu-1,ok
2258,73.512,3258,us-1,ok
2259,69.397,3259,ap-1,ok
2260,66.931,3260,tr-1,ok
2261,64.218,3261,eu-1,ok
2262,72.104,3262,us-1,ok
2263,77.503,3263,ap-1,ok
2264,63.957,3264,tr-1,ok
2265,70.049,3265,eu-1,ok
2266,60.752,3266,us-1,ok
2267,63.058,3267,ap-1,ok
2268,63.948,3268,tr-1,ok
2269,59.239,3269,eu-1,ok
2270,69.510,3270,us-1,ok
2271,75.251,3271,ap-1,ok
2272,67.782,3272,tr-1,ok
2273,61.053,3273,eu-1,ok
2274,64.481,3274,us-1,ok
2275,74.976,3275,ap-1,ok
2276,61.189,3276,tr-1,ok
2277,65.394,3277,eu-1,ok
2278,64.098,3278,us-1,ok
2279,70.455,3279,ap-1,ok
2280,58.265,3280,tr-1,ok
2281,71.103,3281,eu-1,ok
2282,70.433,3282,us-1,ok
2283,62.370,3283,ap-1,ok
2284,72.593,3284,tr-1,ok
2285,57.587,3285,eu-1,ok
2286,67.932,3286,us-1,ok
2287,60.573,3287,ap-1,ok
2288,69.235,3288,tr-1,ok
2289,66.107,3289,eu-1,ok
2290,60.686,3290,us-1,ok
2291,68.596,3291,ap-1,ok
2292,58.961,3292,tr-1,ok
2293,56.182,3293,eu-1,ok
2294,62.078,3294,us-1,ok
2295,62.812,3295,ap-1,ok
2296,64.836,3296,tr-1,ok
2297,66.209,3297,eu-1,ok
2298,64.667,3298,us-1,ok
2299,57.388,3299,ap-1,ok
2300,59.403,3300,tr-1,ok
2301,54.511,3301,eu-1,ok
2302,62.373,3302,us-1,ok
2303,54.477,3303,ap-1,ok
2304,63.667,3304,tr-1,ok
2305,57.404,3305,eu-1,ok
2306,58.135,3306,us-1,ok
2307,69.434,3307,ap-1,ok
2308,57.975,3308,tr-1,ok
2309,69.158,3309,eu-1,ok
2310,54.115,3310,us-1,ok
2311,65.310,3311,ap-1,ok
2312,51.808,3312,tr-1,ok
2313,69.191,3313,eu-1,ok
2314,65.052,3314,us-1,ok
2315,67.767,3315,ap-1,ok
2316,53.231,3316,tr-1,ok
2317,56.040,3317,eu-1,ok
2318,63.508,3318,us-1,ok
2319,54.149,3319,ap-1,ok
2320,65.237,3320,tr-1,ok
2321,53.288,3321,eu-1,ok
2322,58.657,3322,us-1,ok
2323,63.707,3323,ap-1,ok
2324,65.826,3324,tr-1,ok
2325,65.406,3325,eu-1,ok
2326,52.172,3326,us-1,ok
2327,59.030,3327,ap-1,ok
2328,64.491,3328,tr-1,ok
2329,65.685,3329,eu-1,ok
2330,52.536,3330,us-1,ok
2331,54.087,3331,ap-1,ok
2332,49.309,3332,tr-1,ok
2333,48.423,3333,eu-1,ok
2334,56.891,3334,us-1,ok
2335,54.795,3335,ap-1,ok
2336,54.556,3336,tr-1,ok
2337,50.855,3337,eu-1,ok
2338,57.072,3338,us-1,ok
2339,55.312,3339,ap-1,ok
2340,49.885,3340,tr-1,ok
2341,54.716,3341,eu-1,ok
2342,55.085,3342,us-1,ok
2343,54.418,3343,ap-1,ok
2344,58.582,3344,tr-1,ok
2345,60.011,3345,eu-1,ok
2346,59.912,3346,us-1,ok
2347,53.572,3347,ap-1,ok
2348,62.913,3348,tr-1,ok
2349,56.217,3349,eu-1,ok
2350,58.119,3350,us-1,ok
2351,47.274,3351,ap-1,ok
2352,56.290,3352,tr-1,ok
2353,55.093,3353,eu-1,ok
2354,50.711,3354,us-1,ok
2355,60.320,3355,ap-1,ok
2356,49.424,3356,tr-1,ok
2357,53.002,3357,eu-1,ok
2358,54.015,3358,us-1,ok
2359,56.378,3359,ap-1,ok
2360,48.404,3360,tr-1,ok
2361,47.748,3361,eu-1,ok
2362,52.680,3362,us-1,ok
2363,47.153,3363,ap-1,ok
2364,51.954,3364,tr-1,ok
2365,54.925,3365,eu-1,ok
2366,59.778,3366,us-1,ok
2367,58.373,3367,ap-1,ok
2368,49.216,3368,tr-1,ok
2369,43.634,3369,eu-1,ok
2370,43.292,3370,us-1,ok
2371,45.820,3371,ap-1,ok
2372,48.435,3372,tr-1,ok
2373,55.752,3373,eu-1,ok
2374,43.376,3374,us-1,ok
2375,53.290,3375,ap-1,ok
2376,51.896,3376,tr-1,ok
2377,54.035,3377,eu-1,ok
2378,47.302,3378,us-1,ok
2379,48.705,3379,ap-1,ok
2380,53.996,3380,tr-1,ok
2381,58.198,3381,eu-1,ok
2382,42.844,3382,us-1,ok
2383,48.267,3383,ap-1,ok
2384,54.144,3384,tr-1,ok
2385,49.688,3385,eu-1,ok
2386,43.942,3386,us-1,ok
2387,48.162,3387,ap-1,ok
2388,57.910,3388,tr-1,ok
2389,55.268,3389,eu-1,ok
2390,55.228,3390,us-1,ok
2391,55.558,3391,ap-1,ok
2392,48.290,3392,tr-1,ok
2393,57.112,3393,eu-1,ok
2394,56.210,3394,us-1,ok
2395,48.441,3395,ap-1,ok
2396,42.574,3396,tr-1,ok
2397,39.847,3397,eu-1,ok
2398,55.211,3398,us-1,ok
2399,40.513,3399,ap-1,ok
2400,39.848,3400,tr-1,ok
2401,55.855,3401,eu-1,ok
2402,54.105,3402,us-1,ok
2403,44.346,3403,ap-1,ok
2404,53.672,3404,tr-1,ok
2405,43.723,3405,eu-1,ok
2406,53.693,3406,us-1,ok
2407,43.321,3407,ap-1,ok
2408,37.822,3408,tr-1,ok
2409,52.649,3409,eu-1,ok
2410,39.112,3410,us-1,ok
2411,52.388,3411,ap-1,ok
2412,44.934,3412,tr-1,ok
2413,49.988,3413,eu-1,ok
2414,54.276,3414,us-1,ok
2415,48.914,3415,ap-1,ok
2416,48.079,3416,tr-1,ok
2417,44.300,3417,eu-1,ok
2418,49.840,3418,us-1,ok
2419,50.556,3419,ap-1,ok
2420,51.118,3420,tr-1,ok
2421,43.426,3421,eu-1,ok
2422,52.916,3422,us-1,ok
2423,41.947,3423,ap-1,ok
2424,48.061,3424,tr-1,ok
2425,49.052,3425,eu-1,ok
2426,51.358,3426,us-1,ok
2427,45.411,3427,ap-1,ok
2428,50.939,3428,tr-1,ok
2429,36.910,3429,eu-1,ok
2430,40.527,3430,us-1,ok
2431,42.506,3431,ap-1,ok
2432,46.189,3432,tr-1,ok
2433,48.612,3433,eu-1,ok
2434,42.993,3434,us-1,ok
2435,34.138,3435,ap-1,ok
2436,43.288,3436,tr-1,ok
2437,47.018,3437,eu-1,ok
2438,45.399,3438,us-1,ok
2439,49.769,3439,ap-1,ok
2440,46.474,3440,tr-1,ok
2441,41.511,3441,eu-1,ok
2442,47.623,3442,us-1,ok
2443,44.346,3443,ap-1,ok
2444,36.381,3444,tr-1,ok
2445,46.755,3445,eu-1,ok
2446,32.959,3446,us-1,ok
2447,44.759,3447,ap-1,ok
2448,47.138,3448,tr-1,ok
2449,43.512,3449,eu-1,ok
2450,43.362,3450,us-1,ok
2451,39.450,3451,ap-1,ok
2452,38.943,3452,tr-1,ok
2453,42.470,3453,eu-1,ok
2454,39.758,3454,us-1,ok
2455,45.131,3455,ap-1,ok
2456,35.610,3456,tr-1,ok
2457,45.122,3457,eu-1,ok
2458,40.665,3458,us-1,ok
2459,46.776,3459,ap-1,ok
2460,46.619,3460,tr-1,ok
2461,31.252,3461,eu-1,ok
2462,42.803,3462,us-1,ok
2463,39.505,3463,ap-1,ok
2464,40.616,3464,tr-1,ok
2465,36.486,3465,eu-1,ok
2466,41.644,3466,us-1,ok
2467,40.565,3467,ap-1,ok
2468,39.966,3468,tr-1,ok
2469,31.658,3469,eu-1,ok
2470,39.774,3470,us-1,ok
2471,41.578,3471,ap-1,ok
2472,42.231,3472,tr-1,ok
2473,30.960,3473,eu-1,ok
2474,42.833,3474,us-1,ok
2475,40.306,3475,ap-1,ok
2476,43.087,3476,tr-1,ok
2477,32.898,3477,eu-1,ok
2478,44.820,3478,us-1,ok
2479,32.247,3479,ap-1,ok
2480,44.200,3480,tr-1,ok
2481,37.888,3481,eu-1,ok
2482,37.643,3482,us-1,ok
2483,43.101,3483,ap-1,ok
2484,30.373,3484,tr-1,ok
2485,42.823,3485,eu-1,ok
2486,40.787,3486,us-1,ok
2487,44.855,3487,ap-1,ok
2488,32.545,3488,tr-1,ok
2489,35.509,3489,eu-1,ok
2490,34.378,3490,us-1,ok
2491,37.257,3491,ap-1,ok
2492,43.068,3492,tr-1,ok
2493,40.773,3493,eu-1,ok
2494,43.117,3494,us-1,ok
2495,32.470,3495,ap-1,ok
2496,29.423,3496,tr-1,ok
2497,28.465,3497,eu-1,ok
2498,33.081,3498,us-1,ok
2499,28.759,3499,ap-1,ok
2500,32.530,3500,tr-1,ok
2501,30.537,3501,eu-1,ok
2502,35.367,3502,us-1,ok
2503,43.536,3503,ap-1,ok
2504,44.127,3504,tr-1,ok
2505,28.408,3505,eu-1,ok
2506,34.619,3506,us-1,ok
2507,27.998,3507,ap-1,ok
2508,37.626,3508,tr-1,ok
2509,32.062,3509,eu-1,ok
2510,40.376,3510,us-1,ok
2511,31.702,3511,ap-1,ok
2512,30.174,3512,tr-1,ok
2513,42.501,3513,eu-1,ok
2514,39.129,3514,us-1,ok
2515,40.050,3515,ap-1,ok
2516,42.609,3516,tr-1,ok
2517,41.771,3517,eu-1,ok
2518,25.549,3518,us-1,ok
2519,33.285,3519,ap-1,ok
2520,36.396,3520,tr-1,ok
2521,30.867,3521,eu-1,ok
2522,37.991,3522,us-1,ok
2523,27.362,3523,ap-1,ok
2524,41.348,3524,tr-1,ok
2525,28.038,3525,eu-1,ok
2526,28.730,3526,us-1,ok
2527,24.839,3527,ap-1,ok
2528,24.481,3528,tr-1,ok
2529,24.482,3529,eu-1,ok
2530,38.186,3530,us-1,ok
2531,30.484,3531,ap-1,ok
2532,32.024,3532,tr-1,ok
2533,31.801,3533,eu-1,ok
2534,32.386,3534,us-1,ok
2535,30.125,3535,ap-1,ok
2536,30.941,3536,tr-1,ok
2537,35.871,3537,eu-1,ok
2538,28.249,3538,us-1,ok
2539,24.240,3539,ap-1,ok
2540,24.863,3540,tr-1,ok
2541,24.311,3541,eu-1,ok
2542,24.696,3542,us-1,ok
2543,38.086,3543,ap-1,ok
2544,38.462,3544,tr-1,ok
2545,31.340,3545,eu-1,ok
2546,28.295,3546,us-1,ok
2547,27.270,3547,ap-1,ok
2548,40.653,3548,tr-1,ok
2549,33.211,3549,eu-1,ok
2550,35.647,3550,us-1,ok
2551,27.209,3551,ap-1,ok
2552,30.102,3552,tr-1,ok
2553,26.201,3553,eu-1,ok
2554,37.373,3554,us-1,ok
2555,32.005,3555,ap-1,ok
2556,23.748,3556,tr-1,ok
2557,30.218,3557,eu-1,ok
2558,24.128,3558,us-1,ok
2559,40.126,3559,ap-1,ok
2560,30.033,3560,tr-1,ok
2561,35.738,3561,eu-1,ok
2562,38.732,3562,us-1,ok
2563,23.667,3563,ap-1,ok
2564,25.471,3564,tr-1,ok
2565,37.788,3565,eu-1,ok
2566,30.509,3566,us-1,ok
2567,33.538,3567,ap-1,ok
2568,25.094,3568,tr-1,ok
2569,30.306,3569,eu-1,ok
2570,24.921,3570,us-1,ok
2571,21.768,3571,ap-1,ok
2572,33.928,3572,tr-1,ok
2573,24.467,3573,eu-1,ok
2574,25.898,3574,us-1,ok
2575,23.404,3575,ap-1,ok
2576,29.618,3576,tr-1,ok
2577,24.534,3577,eu-1,ok
2578,30.826,3578,us-1,ok
2579,25.240,3579,ap-1,ok
2580,21.299,3580,tr-1,ok
2581,24.649,3581,eu-1,ok
2582,34.729,3582,us-1,ok
2583,25.754,3583,ap-1,ok
2584,22.452,3584,tr-1,ok
2585,31.407,3585,eu-1,ok
2586,37.714,3586,us-1,ok
2587,35.834,3587,ap-1,ok
2588,35.472,3588,tr-1,ok
2589,36.684,3589,eu-1,ok
2590,32.315,3590,us-1,ok
2591,21.226,3591,ap-1,ok
2592,32.753,3592,tr-1,ok
2593,33.061,3593,eu-1,ok
2594,25.484,3594,us-1,ok
2595,20.729,3595,ap-1,ok
2596,21.396,3596,tr-1,ok
2597,25.909,3597,eu-1,ok
2598,34.054,3598,us-1,ok
2599,22.379,3599,ap-1,ok
2600,36.485,3600,tr-1,ok
2601,35.879,3601,eu-1,ok
2602,28.452,3602,us-1,ok
2603,30.485,3603,ap-1,ok
2604,22.775,3604,tr-1,ok
2605,28.856,3605,eu-1,ok
2606,37.915,3606,us-1,ok
2607,25.459,3607,ap-1,ok
2608,20.503,3608,tr-1,ok
2609,34.332,3609,eu-1,ok
2610,24.400,3610,us-1,ok
2611,28.702,3611,ap-1,ok
2612,20.766,3612,tr-1,ok
2613,21.087,3613,eu-1,ok
2614,26.846,3614,us-1,ok
2615,34.688,3615,ap-1,ok
2616,37.420,3616,tr-1,ok
2617,25.475,3617,eu-1,ok
2618,29.551,3618,us-1,ok
2619,23.349,3619,ap-1,ok
2620,34.315,3620,tr-1,ok
2621,23.425,3621,eu-1,ok
2622,21.234,3622,us-1,ok
2623,35.209,3623,ap-1,ok
2624,35.490,3624,tr-1,ok
2625,29.087,3625,eu-1,ok
2626,20.229,3626,us-1,ok
2627,25.092,3627,ap-1,ok
2628,22.724,3628,tr-1,ok
2629,33.547,3629,eu-1,ok
2630,26.544,3630,us-1,ok
2631,22.269,3631,ap-1,ok
2632,22.353,3632,tr-1,ok
2633,24.764,3633,eu-1,ok
2634,37.491,3634,us-1,ok
2635,31.155,3635,ap-1,ok
2636,30.600,3636,tr-1,ok
2637,36.275,3637,eu-1,ok
2638,32.334,3638,us-1,ok
2639,25.008,3639,ap-1,ok
2640,31.907,3640,tr-1,ok
2641,28.064,3641,eu-1,ok
2642,20.234,3642,us-1,ok
2643,22.614,3643,ap-1,ok
2644,27.311,3644,tr-1,ok
2645,27.692,3645,eu-1,ok
2646,35.067,3646,us-1,ok
2647,31.387,3647,ap-1,ok
2648,29.268,3648,tr-1,ok
2649,23.435,3649,eu-1,ok
2650,24.791,3650,us-1,ok
2651,25.200,3651,ap-1,ok
2652,35.782,3652,tr-1,ok
2653,34.425,3653,eu-1,ok
2654,20.736,3654,us-1,ok
2655,28.317,3655,ap-1,ok
2656,34.303,3656,tr-1,ok
2657,37.164,3657,eu-1,ok
2658,25.765,3658,us-1,ok
2659,34.682,3659,ap-1,ok
2660,20.946,3660,tr-1,ok
2661,21.553,3661,eu-1,ok
2662,27.030,3662,us-1,ok
2663,36.364,3663,ap-1,ok
2664,34.371,3664,tr-1,ok
2665,33.862,3665,eu-1,ok
2666,22.019,3666,us-1,ok
2667,24.707,3667,ap-1,ok
2668,37.811,3668,tr-1,ok
2669,32.830,3669,eu-1,ok
2670,31.765,3670,us-1,ok
2671,33.628,3671,ap-1,ok
2672,31.658,3672,tr-1,ok
2673,21.645,3673,eu-1,ok
2674,24.763,3674,us-1,ok
2675,29.134,3675,ap-1,ok
2676,25.877,3676,tr-1,ok
2677,24.377,3677,eu-1,ok
2678,29.776,3678,us-1,ok
2679,34.124,3679,ap-1,ok
2680,23.848,3680,tr-1,ok
2681,37.479,3681,eu-1,ok
2682,23.237,3682,us-1,ok
2683,21.226,3683,ap-1,ok
2684,36.505,3684,tr-1,ok
2685,22.528,3685,eu-1,ok
2686,38.113,3686,us-1,ok
2687,35.366,3687,ap-1,ok
2688,23.713,3688,tr-1,ok
2689,20.879,3689,eu-1,ok
2690,32.895,3690,us-1,ok
2691,26.586,3691,ap-1,ok
2692,33.113,3692,tr-1,ok
2693,36.659,3693,eu-1,ok
2694,38.362,3694,us-1,ok
2695,38.843,3695,ap-1,ok
2696,38.931,3696,tr-1,ok
2697,28.422,3697,eu-1,ok
2698,25.805,3698,us-1,ok
2699,24.464,3699,ap-1,ok
2700,33.590,3700,tr-1,ok
2701,31.230,3701,eu-1,ok
2702,24.033,3702,us-1,ok
2703,26.659,3703,ap-1,ok
2704,21.981,3704,tr-1,ok
2705,26.752,3705,eu-1,ok
2706,26.673,3706,us-1,ok
2707,31.920,3707,ap-1,ok
2708,23.606,3708,tr-1,ok
2709,25.770,3709,eu-1,ok
2710,23.270,3710,us-1,ok
2711,25.646,3711,ap-1,ok
2712,28.874,3712,tr-1,ok
2713,35.522,3713,eu-1,ok
2714,26.299,3714,us-1,ok
2715,35.892,3715,ap-1,ok
2716,28.202,3716,tr-1,ok
2717,40.005,3717,eu-1,ok
2718,34.007,3718,us-1,ok
2719,38.000,3719,ap-1,ok
2720,24.661,3720,tr-1,ok
2721,33.872,3721,eu-1,ok
2722,39.171,3722,us-1,ok
2723,34.355,3723,ap-1,ok
2724,23.077,3724,tr-1,ok
2725,37.616,3725,eu-1,ok
2726,25.297,3726,us-1,ok
2727,39.785,3727,ap-1,ok
2728,26.577,3728,tr-1,ok
2729,35.754,3729,eu-1,ok
2730,25.921,3730,us-1,ok
2731,36.935,3731,ap-1,ok
2732,33.945,3732,tr-1,ok
2733,33.267,3733,eu-1,ok
2734,31.550,3734,us-1,ok
2735,38.319,3735,ap-1,ok
2736,23.492,3736,tr-1,ok
2737,25.276,3737,eu-1,ok
2738,28.689,3738,us-1,ok
2739,37.677,3739,ap-1,ok
2740,41.378,3740,tr-1,ok
2741,39.391,3741,eu-1,ok
2742,32.069,3742,us-1,ok
2743,32.342,3743,ap-1,ok
2744,24.548,3744,tr-1,ok
2745,39.342,3745,eu-1,ok
2746,26.890,3746,us-1,ok
2747,40.036,3747,ap-1,ok
2748,32.488,3748,tr-1,ok
2749,38.640,3749,eu-1,ok
2750,33.237,3750,us-1,ok
2751,26.147,3751,ap-1,ok
2752,29.972,3752,tr-1,ok
2753,30.865,3753,eu-1,ok
2754,24.866,3754,us-1,ok
2755,35.192,3755,ap-1,ok
2756,41.285,3756,tr-1,ok
2757,42.709,3757,eu-1,ok
2758,38.712,3758,us-1,ok
2759,37.074,3759,ap-1,ok
2760,30.958,3760,tr-1,ok
2761,28.272,3761,eu-1,ok
2762,38.397,3762,us-1,ok
2763,30.192,3763,ap-1,ok
2764,39.214,3764,tr-1,ok
2765,32.383,3765,eu-1,ok
2766,28.877,3766,us-1,ok
2767,30.338,3767,ap-1,ok
2768,31.891,3768,tr-1,ok
2769,34.996,3769,eu-1,ok
2770,40.088,3770,us-1,ok
2771,29.445,3771,ap-1,ok
2772,31.961,3772,tr-1,ok
2773,39.830,3773,eu-1,ok
2774,42.385,3774,us-1,ok
2775,42.906,3775,ap-1,ok
2776,36.153,3776,tr-1,ok
2777,41.606,3777,eu-1,ok
2778,27.967,3778,us-1,ok
2779,29.403,3779,ap-1,ok
2780,35.770,3780,tr-1,ok
2781,27.848,3781,eu-1,ok
2782,42.577,3782,us-1,ok
2783,30.963,3783,ap-1,ok
2784,29.911,3784,tr-1,ok
2785,38.284,3785,eu-1,ok
2786,43.149,3786,us-1,ok
2787,35.379,3787,ap-1,ok
2788,31.583,3788,tr-1,ok
2789,38.281,3789,eu-1,ok
2790,32.467,3790,us-1,ok
2791,45.238,3791,ap-1,ok
2792,34.807,3792,tr-1,ok
2793,29.621,3793,eu-1,ok
2794,28.691,3794,us-1,ok
2795,32.271,3795,ap-1,ok
2796,36.007,3796,tr-1,ok
2797,31.507,3797,eu-1,ok
2798,31.335,3798,us-1,ok
2799,45.545,3799,ap-1,ok
2800,38.835,3800,tr-1,ok
2801,29.945,3801,eu-1,ok
2802,39.873,3802,us-1,ok
2803,36.495,3803,ap-1,ok
2804,32.792,3804,tr-1,ok
2805,37.339,3805,eu-1,ok
2806,32.042,3806,us-1,ok
2807,38.294,3807,ap-1,ok
2808,46.039,3808,tr-1,ok
2809,38.662,3809,eu-1,ok
2810,44.749,3810,us-1,ok
2811,40.147,3811,ap-1,ok
2812,31.918,3812,tr-1,ok
2813,35.948,3813,eu-1,ok
2814,33.202,3814,us-1,ok
2815,32.355,3815,ap-1,ok
2816,39.150,3816,tr-1,ok
2817,47.653,3817,eu-1,ok
2818,33.647,3818,us-1,ok
2819,47.498,3819,ap-1,ok
2820,44.842,3820,tr-1,ok
2821,38.236,3821,eu-1,ok
2822,37.642,3822,us-1,ok
2823,37.310,3823,ap-1,ok
2824,46.421,3824,tr-1,ok
2825,41.863,3825,eu-1,ok
2826,31.609,3826,us-1,ok
2827,46.021,3827,ap-1,ok
2828,41.807,3828,tr-1,ok
2829,41.956,3829,eu-1,ok
2830,41.421,3830,us-1,ok
2831,45.514,3831,ap-1,ok
2832,43.686,3832,tr-1,ok
2833,48.066,3833,eu-1,ok
2834,48.118,3834,us-1,ok
2835,44.750,3835,ap-1,ok
2836,34.345,3836,tr-1,ok
2837,49.856,3837,eu-1,ok
2838,44.638,3838,us-1,ok
2839,48.654,3839,ap-1,ok
2840,33.923,3840,tr-1,ok
2841,49.451,3841,eu-1,ok
2842,34.501,3842,us-1,ok
2843,38.591,3843,ap-1,ok
2844,42.014,3844,tr-1,ok
2845,49.085,3845,eu-1,ok
2846,49.824,3846,us-1,ok
2847,48.431,3847,ap-1,ok
2848,39.711,3848,tr-1,ok
2849,44.827,3849,eu-1,ok
2850,42.452,3850,us-1,ok
2851,41.716,3851,ap-1,ok
2852,37.869,3852,tr-1,ok
2853,45.672,3853,eu-1,ok
2854,47.834,3854,us-1,ok
2855,51.257,3855,ap-1,ok
2856,37.779,3856,tr-1,ok
2857,38.566,3857,eu-1,ok
2858,46.260,3858,us-1,ok
2859,53.010,3859,ap-1,ok
2860,52.638,3860,tr-1,ok
2861,43.011,3861,eu-1,ok
2862,37.205,3862,us-1,ok
2863,41.690,3863,ap-1,ok
2864,43.385,3864,tr-1,ok
2865,51.060,3865,eu-1,ok
2866,44.452,3866,us-1,ok
2867,40.410,3867,ap-1,ok
2868,39.148,3868,tr-1,ok
2869,49.786,3869,eu-1,ok
2870,50.734,3870,us-1,ok
2871,53.689,3871,ap-1,ok
2872,39.451,3872,tr-1,ok
2873,43.525,3873,eu-1,ok
2874,55.273,3874,us-1,ok
2875,49.576,3875,ap-1,ok
2876,46.111,3876,tr-1,ok
2877,54.778,3877,eu-1,ok
2878,40.246,3878,us-1,ok
2879,41.051,3879,ap-1,ok
2880,52.317,3880,tr-1,ok
2881,41.757,3881,eu-1,ok
2882,53.321,3882,us-1,ok
2883,52.688,3883,ap-1,ok
2884,47.849,3884,tr-1,ok
2885,48.689,3885,eu-1,ok
2886,49.974,3886,us-1,ok
2887,45.125,3887,ap-1,ok
2888,52.244,3888,tr-1,ok
2889,48.555,3889,eu-1,ok
2890,42.995,3890,us-1,ok
2891,54.177,3891,ap-1,ok
2892,42.778,3892,tr-1,ok
2893,50.781,3893,eu-1,ok
2894,53.034,3894,us-1,ok
2895,50.280,3895,ap-1,ok
2896,46.197,3896,tr-1,ok
2897,55.602,3897,eu-1,ok
2898,57.137,3898,us-1,ok
2899,47.175,3899,ap-1,ok
2900,53.558,3900,tr-1,ok
2901,56.225,3901,eu-1,ok
2902,59.098,3902,us-1,ok
2903,56.605,3903,ap-1,ok
2904,59.346,3904,tr-1,ok
2905,43.116,3905,eu-1,ok
2906,55.912,3906,us-1,ok
2907,57.618,3907,ap-1,ok
2908,49.737,3908,tr-1,ok
2909,54.902,3909,eu-1,ok
2910,50.157,3910,us-1,ok
2911,46.236,3911,ap-1,ok
2912,50.802,3912,tr-1,ok
2913,57.744,3913,eu-1,ok
2914,60.916,3914,us-1,ok
2915,61.490,3915,ap-1,ok
2916,47.958,3916,tr-1,ok
2917,53.031,3917,eu-1,ok
2918,60.205,3918,us-1,ok
2919,48.512,3919,ap-1,ok
2920,46.657,3920,tr-1,ok
2921,53.858,3921,eu-1,ok
2922,50.348,3922,us-1,ok
2923,51.029,3923,ap-1,ok
2924,62.428,3924,tr-1,ok
2925,48.338,3925,eu-1,ok
2926,57.079,3926,us-1,ok
2927,56.925,3927,ap-1,ok
2928,46.399,3928,tr-1,ok
2929,48.499,3929,eu-1,ok
2930,57.502,3930,us-1,ok
2931,57.978,3931,ap-1,ok
2932,56.881,3932,tr-1,ok
2933,60.510,3933,eu-1,ok
2934,49.012,3934,us-1,ok
2935,53.680,3935,ap-1,ok
2936,64.436,3936,tr-1,ok
2937,53.361,3937,eu-1,ok
2938,64.780,3938,us-1,ok
2939,57.289,3939,ap-1,ok
2940,54.907,3940,tr-1,ok
2941,59.256,3941,eu-1,ok
2942,56.916,3942,us-1,ok
2943,65.969,3943,ap-1,ok
2944,62.359,3944,tr-1,ok
2945,50.404,3945,eu-1,ok
2946,49.536,3946,us-1,ok
2947,50.470,3947,ap-1,ok
2948,63.914,3948,tr-1,ok
2949,51.439,3949,eu-1,ok
2950,55.408,3950,us-1,ok
2951,54.713,3951,ap-1,ok
2952,64.240,3952,tr-1,ok
2953,54.470,3953,eu-1,ok
2954,67.130,3954,us-1,ok
2955,58.550,3955,ap-1,ok
2956,62.907,3956,tr-1,ok
2957,65.896,3957,eu-1,ok
2958,61.620,3958,us-1,ok
2959,59.108,3959,ap-1,ok
2960,62.607,3960,tr-1,ok
2961,56.659,3961,eu-1,ok
2962,58.735,3962,us-1,ok
2963,67.273,3963,ap-1,ok
2964,52.590,3964,tr-1,ok
2965,52.617,3965,eu-1,ok
2966,66.854,3966,us-1,ok
2967,63.665,3967,ap-1,ok
2968,68.637,3968,tr-1,ok
2969,59.961,3969,eu-1,ok
2970,54.866,3970,us-1,ok
2971,65.616,3971,ap-1,ok
2972,58.470,3972,tr-1,ok
2973,61.038,3973,eu-1,ok
2974,63.931,3974,us-1,ok
2975,60.847,3975,ap-1,ok
2976,64.407,3976,tr-1,ok
2977,69.632,3977,eu-1,ok
2978,70.737,3978,us-1,ok
2979,67.258,3979,ap-1,ok
2980,58.192,3980,tr-1,ok
2981,69.744,3981,eu-1,ok
2982,67.678,3982,us-1,ok
2983,66.680,3983,ap-1,ok
2984,70.733,3984,tr-1,ok
2985,66.948,3985,eu-1,ok
2986,56.190,3986,us-1,ok
2987,62.787,3987,ap-1,ok
2988,72.833,3988,tr-1,ok
2989,65.873,3989,eu-1,ok
2990,57.905,3990,us-1,ok
2991,71.200,3991,ap-1,ok
2992,71.964,3992,tr-1,ok
2993,65.462,3993,eu-1,ok
2994,56.704,3994,us-1,ok
2995,68.767,3995,ap-1,ok
2996,72.383,3996,tr-1,ok
2997,73.101,3997,eu-1,ok
2998,59.641,3998,us-1,ok
2999,72.959,3999,ap-1,ok
3000,61.107,4000,tr-1,ok
3001,63.115,4001,eu-1,ok
3002,73.610,4002,us-1,ok
3003,59.550,4003,ap-1,ok
3004,75.514,4004,tr-1,ok
3005,60.066,4005,eu-1,ok
3006,69.451,4006,us-1,ok
3007,68.512,4007,ap-1,ok
3008,68.401,4008,tr-1,ok
3009,61.194,4009,eu-1,ok
3010,64.493,4010,us-1,ok
3011,66.467,4011,ap-1,ok
3012,66.527,4012,tr-1,ok
3013,69.856,4013,eu-1,ok
3014,73.872,4014,us-1,ok
3015,72.523,4015,ap-1,ok
3016,72.922,4016,tr-1,ok
3017,65.107,4017,eu-1,ok
3018,73.597,4018,us-1,ok
3019,69.387,4019,ap-1,ok
3020,69.576,4020,tr-1,ok
3021,73.647,4021,eu-1,ok
3022,64.054,4022,us-1,ok
3023,74.258,4023,ap-1,ok
3024,65.980,4024,tr-1,ok
3025,65.403,4025,eu-1,ok
3026,65.083,4026,us-1,ok
3027,63.653,4027,ap-1,ok
3028,73.705,4028,tr-1,ok
3029,65.773,4029,eu-1,ok
3030,76.470,4030,us-1,ok
3031,70.872,4031,ap-1,ok
3032,77.228,4032,tr-1,ok
3033,74.560,4033,eu-1,ok
3034,79.547,4034,us-1,ok
3035,63.761,4035,ap-1,ok
3036,75.682,4036,tr-1,ok
3037,70.405,4037,eu-1,ok
3038,80.227,4038,us-1,ok
3039,66.963,4039,ap-1,ok
3040,71.229,4040,tr-1,ok
3041,77.015,4041,eu-1,ok
3042,66.297,4042,us-1,ok
3043,65.385,4043,ap-1,ok
3044,77.479,4044,tr-1,ok
3045,68.028,4045,eu-1,ok
3046,71.498,4046,us-1,ok
3047,72.507,4047,ap-1,ok
3048,82.149,4048,tr-1,ok
3049,74.753,4049,eu-1,ok
3050,76.349,4050,us-1,ok
3051,77.067,4051,ap-1,ok
3052,67.108,4052,tr-1,ok
3053,76.565,4053,eu-1,ok
3054,69.017,4054,us-1,ok
3055,83.360,4055,ap-1,ok
3056,72.973,4056,tr-1,ok
3057,82.806,4057,eu-1,ok
3058,71.956,4058,us-1,ok
3059,71.474,4059,ap-1,ok
3060,82.036,4060,tr-1,ok
3061,69.246,4061,eu-1,ok
3062,84.854,4062,us-1,ok
3063,71.395,4063,ap-1,ok
3064,69.967,4064,tr-1,ok
3065,71.865,4065,eu-1,ok
3066,68.711,4066,us-1,ok
3067,72.735,4067,ap-1,ok
3068,69.015,4068,tr-1,ok
3069,68.937,4069,eu-1,ok
3070,85.731,4070,us-1,ok
3071,87.027,4071,ap-1,ok
3072,73.890,4072,tr-1,ok
3073,85.549,4073,eu-1,ok
3074,74.667,4074,us-1,ok
3075,73.423,4075,ap-1,ok
3076,86.109,4076,tr-1,ok
3077,82.052,4077,eu-1,ok
3078,72.908,4078,us-1,ok
3079,80.544,4079,ap-1,ok
3080,82.926,4080,tr-1,ok
3081,80.080,4081,eu-1,ok
3082,75.954,4082,us-1,ok
3083,73.025,4083,ap-1,ok
3084,75.149,4084,tr-1,ok
3085,88.105,4085,eu-1,ok
3086,82.248,4086,us-1,ok
3087,89.329,4087,ap-1,ok
3088,87.425,4088,tr-1,ok
3089,73.503,4089,eu-1,ok
3090,79.199,4090,us-1,ok
3091,87.774,4091,ap-1,ok
3092,74.820,4092,tr-1,ok
3093,78.127,4093,eu-1,ok
3094,74.845,4094,us-1,ok
3095,77.246,4095,ap-1,ok
3096,90.868,4096,tr-1,ok
3097,78.581,4097,eu-1,ok
3098,81.959,4098,us-1,ok
3099,84.164,4099,ap-1,ok
3100,87.458,4100,tr-1,ok
3101,80.978,4101,eu-1,ok
3102,90.162,4102,us-1,ok
3103,86.089,4103,ap-1,ok
3104,86.042,4104,tr-1,ok
3105,91.742,4105,eu-1,ok
3106,85.084,4106,us-1,ok
3107,77.325,4107,ap-1,ok
3108,87.060,4108,tr-1,ok
3109,83.357,4109,eu-1,ok
3110,84.152,4110,us-1,ok
3111,90.791,4111,ap-1,ok
3112,78.452,4112,tr-1,ok
3113,76.203,4113,eu-1,ok
3114,86.334,4114,us-1,ok
3115,83.525,4115,ap-1,ok
3116,94.122,4116,tr-1,ok
3117,86.095,4117,eu-1,ok
3118,79.953,4118,us-1,ok
3119,82.294,4119,ap-1,ok
3120,78.606,4120,tr-1,ok
3121,89.922,4121,eu-1,ok
3122,83.526,4122,us-1,ok
3123,94.618,4123,ap-1,ok
3124,80.164,4124,tr-1,ok
3125,94.995,4125,eu-1,ok
3126,89.207,4126,us-1,ok
3127,77.960,4127,ap-1,ok
3128,83.270,4128,tr-1,ok
3129,91.922,4129,eu-1,ok
3130,87.504,4130,us-1,ok
3131,90.654,4131,ap-1,ok
3132,91.511,4132,tr-1,ok
3133,88.379,4133,eu-1,ok
3134,83.744,4134,us-1,ok
3135,95.140,4135,ap-1,ok
3136,81.127,4136,tr-1,ok
3137,96.286,4137,eu-1,ok
3138,81.864,4138,us-1,ok
3139,90.093,4139,ap-1,ok
3140,85.147,4140,tr-1,ok
3141,89.776,4141,eu-1,ok
3142,91.131,4142,us-1,ok
3143,96.635,4143,ap-1,ok
3144,86.479,4144,tr-1,ok
3145,88.004,4145,eu-1,ok
3146,97.611,4146,us-1,ok
3147,90.063,4147,ap-1,ok
3148,91.322,4148,tr-1,ok
3149,86.081,4149,eu-1,ok
3150,91.586,4150,us-1,ok
3151,86.358,4151,ap-1,ok
3152,87.297,4152,tr-1,ok
3153,85.232,4153,eu-1,ok
3154,87.937,4154,us-1,ok
3155,88.778,4155,ap-1,ok
3156,98.866,4156,tr-1,ok
3157,86.920,4157,eu-1,ok
3158,98.663,4158,us-1,ok
3159,93.171,4159,ap-1,ok
3160,87.568,4160,tr-1,ok
3161,85.669,4161,eu-1,ok
3162,100.322,4162,us-1,ok
3163,85.437,4163,ap-1,ok
3164,96.090,4164,tr-1,ok
3165,86.498,4165,eu-1,ok
3166,94.147,4166,us-1,ok
3167,92.781,4167,ap-1,ok
3168,90.672,4168,tr-1,ok
3169,94.204,4169,eu-1,ok
3170,90.833,4170,us-1,ok
3171,85.420,4171,ap-1,ok
3172,95.721,4172,tr-1,ok
3173,86.132,4173,eu-1,ok
3174,86.538,4174,us-1,ok
3175,85.356,4175,ap-1,ok
3176,101.402,4176,tr-1,ok
3177,95.152,4177,eu-1,ok
3178,86.488,4178,us-1,ok
3179,95.791,4179,ap-1,ok
3180,92.029,4180,tr-1,ok
3181,88.812,4181,eu-1,ok
3182,89.942,4182,us-1,ok
3183,91.945,4183,ap-1,ok
3184,95.391,4184,tr-1,ok
3185,89.041,4185,eu-1,ok
3186,103.733,4186,us-1,ok
3187,93.969,4187,ap-1,ok
3188,98.090,4188,tr-1,ok
3189,87.586,4189,eu-1,ok
3190,93.143,4190,us-1,ok
3191,104.085,4191,ap-1,ok
3192,91.458,4192,tr-1,ok
3193,100.400,4193,eu-1,ok
3194,97.094,4194,us-1,ok
3195,92.679,4195,ap-1,ok
3196,99.918,4196,tr-1,ok
3197,94.754,4197,eu-1,ok
3198,100.699,4198,us-1,ok
3199,99.477,4199,ap-1,ok
3200,92.149,4200,tr-1,ok
3201,92.437,4201,eu-1,ok
3202,103.559,4202,us-1,ok
3203,96.858,4203,ap-1,ok
3204,88.888,4204,tr-1,ok
3205,92.229,4205,eu-1,ok
3206,97.757,4206,us-1,ok
3207,105.214,4207,ap-1,ok
3208,95.681,4208,tr-1,ok
3209,95.222,4209,eu-1,ok
3210,94.625,4210,us-1,ok
3211,91.955,4211,ap-1,ok
3212,93.975,4212,tr-1,ok
3213,105.766,4213,eu-1,ok
3214,92.438,4214,us-1,ok
3215,100.100,4215,ap-1,ok
3216,93.949,4216,tr-1,ok
3217,92.661,4217,eu-1,ok
3218,104.920,4218,us-1,ok
3219,94.164,4219,ap-1,ok
3220,99.158,4220,tr-1,ok
3221,91.277,4221,eu-1,ok
3222,99.823,4222,us-1,ok
3223,104.731,4223,ap-1,ok
3224,92.699,4224,tr-1,ok
3225,99.812,4225,eu-1,ok
3226,100.117,4226,us-1,ok
3227,101.849,4227,ap-1,ok
3228,106.235,4228,tr-1,ok
3229,92.320,4229,eu-1,ok
3230,98.667,4230,us-1,ok
3231,96.211,4231,ap-1,ok
3232,98.580,4232,tr-1,ok
3233,108.415,4233,eu-1,ok
3234,99.647,4234,us-1,ok
3235,98.728,4235,ap-1,ok
3236,98.558,4236,tr-1,ok
3237,92.782,4237,eu-1,ok
3238,93.305,4238,us-1,ok
3239,105.512,4239,ap-1,ok
3240,104.610,4240,tr-1,ok
3241,104.418,4241,eu-1,ok
3242,94.639,4242,us-1,ok
3243,95.509,4243,ap-1,ok
3244,98.638,4244,tr-1,ok
3245,96.311,4245,eu-1,ok
3246,94.670,4246,us-1,ok
3247,105.254,4247,ap-1,ok
3248,109.617,4248,tr-1,ok
3249,98.766,4249,eu-1,ok
3250,99.526,4250,us-1,ok
3251,105.860,4251,ap-1,ok
3252,110.054,4252,tr-1,ok
3253,110.468,4253,eu-1,ok
3254,95.356,4254,us-1,ok
3255,105.602,4255,ap-1,ok
3256,110.471,4256,tr-1,ok
3257,99.477,4257,eu-1,ok
3258,96.572,4258,us-1,ok
3259,104.092,4259,ap-1,ok
3260,104.318,4260,tr-1,ok
3261,96.316,4261,eu-1,ok
3262,99.495,4262,us-1,ok
3263,101.932,4263,ap-1,ok
3264,97.159,4264,tr-1,ok
3265,107.407,4265,eu-1,ok
3266,99.697,4266,us-1,ok
3267,111.808,4267,ap-1,ok
3268,98.972,4268,tr-1,ok
3269,106.488,4269,eu-1,ok
3270,112.639,4270,us-1,ok
3271,112.229,4271,ap-1,ok
3272,104.205,4272,tr-1,ok
3273,105.733,4273,eu-1,ok
3274,99.910,4274,us-1,ok
3275,100.830,4275,ap-1,ok
3276,104.009,4276,tr-1,ok
3277,111.973,4277,eu-1,ok
3278,98.645,4278,us-1,ok
3279,97.084,4279,ap-1,ok
3280,109.169,4280,tr-1,ok
3281,100.035,4281,eu-1,ok
3282,97.501,4282,us-1,ok
3283,105.654,4283,ap-1,ok
3284,99.705,4284,tr-1,ok
3285,112.597,4285,eu-1,ok
3286,100.554,4286,us-1,ok
3287,110.195,4287,ap-1,ok
3288,112.665,4288,tr-1,ok
3289,107.499,4289,eu-1,ok
3290,103.802,4290,us-1,ok
3291,111.868,4291,ap-1,ok
3292,97.311,4292,tr-1,ok
3293,103.999,4293,eu-1,ok
3294,113.008,4294,us-1,ok
3295,100.274,4295,ap-1,ok
3296,98.808,4296,tr-1,ok
3297,101.356,4297,eu-1,ok
3298,99.296,4298,us-1,ok
3299,97.571,4299,ap-1,ok
3300,99.914,4300,tr-1,ok
3301,101.370,4301,eu-1,ok
3302,113.279,4302,us-1,ok
3303,112.664,4303,ap-1,ok
3304,109.966,4304,tr-1,ok
3305,98.937,4305,eu-1,ok
3306,101.176,4306,us-1,ok
3307,100.842,4307,ap-1,ok
3308,113.988,4308,tr-1,ok
3309,104.426,4309,eu-1,ok
3310,99.051,4310,us-1,ok
3311,102.362,4311,ap-1,ok
3312,105.006,4312,tr-1,ok
3313,108.756,4313,eu-1,ok
3314,109.810,4314,us-1,ok
3315,107.352,4315,ap-1,ok
3316,104.703,4316,tr-1,ok
3317,104.228,4317,eu-1,ok
3318,107.403,4318,us-1,ok
3319,115.673,4319,ap-1,ok
3320,103.029,4320,tr-1,ok
3321,111.666,4321,eu-1,ok
3322,104.739,4322,us-1,ok
3323,114.885,4323,ap-1,ok
3324,111.608,4324,tr-1,ok
3325,111.792,4325,eu-1,ok
3326,105.360,4326,us-1,ok
3327,105.717,4327,ap-1,ok
3328,115.251,4328,tr-1,ok
3329,99.148,4329,eu-1,ok
3330,105.115,4330,us-1,ok
3331,107.876,4331,ap-1,ok
3332,101.839,4332,tr-1,ok
3333,115.060,4333,eu-1,ok
3334,107.734,4334,us-1,ok
3335,111.016,4335,ap-1,ok
3336,109.739,4336,tr-1,ok
3337,109.918,4337,eu-1,ok
3338,113.612,4338,us-1,ok
3339,108.571,4339,ap-1,ok
3340,103.516,4340,tr-1,ok
3341,107.329,4341,eu-1,ok
3342,114.524,4342,us-1,ok
3343,105.099,4343,ap-1,ok
3344,102.377,4344,tr-1,ok
3345,100.072,4345,eu-1,ok
3346,113.635,4346,us-1,ok
3347,113.728,4347,ap-1,ok
3348,102.476,4348,tr-1,ok
3349,105.693,4349,eu-1,ok
3350,108.433,4350,us-1,ok
3351,103.485,4351,ap-1,ok
3352,115.132,4352,tr-1,ok
3353,107.524,4353,eu-1,ok
3354,108.390,4354,us-1,ok
3355,104.257,4355,ap-1,ok
3356,112.105,4356,tr-1,ok
3357,100.224,4357,eu-1,ok
3358,101.525,4358,us-1,ok
3359,104.131,4359,ap-1,ok
3360,100.761,4360,tr-1,ok
3361,106.227,4361,eu-1,ok
3362,112.188,4362,us-1,ok
3363,112.253,4363,ap-1,ok
3364,104.597,4364,tr-1,ok
3365,109.016,4365,eu-1,ok
3366,110.022,4366,us-1,ok
3367,109.262,4367,ap-1,ok
3368,117.778,4368,tr-1,ok
3369,115.716,4369,eu-1,ok
3370,115.961,4370,us-1,ok
3371,103.544,4371,ap-1,ok
3372,114.394,4372,tr-1,ok
3373,114.138,4373,eu-1,ok
3374,107.597,4374,us-1,ok
3375,111.105,4375,ap-1,ok
3376,107.762,4376,tr-1,ok
3377,105.158,4377,eu-1,ok
3378,106.101,4378,us-1,ok
3379,103.682,4379,ap-1,ok
3380,110.013,4380,tr-1,ok
3381,101.276,4381,eu-1,ok
3382,113.414,4382,us-1,ok
3383,103.868,4383,ap-1,ok
3384,104.946,4384,tr-1,ok
3385,105.059,4385,eu-1,ok
3386,107.950,4386,us-1,ok
3387,114.881,4387,ap-1,ok
3388,106.899,4388,tr-1,ok
3389,115.698,4389,eu-1,ok
3390,107.987,4390,us-1,ok
3391,107.824,4391,ap-1,ok
3392,110.123,4392,tr-1,ok
3393,110.002,4393,eu-1,ok
3394,114.973,4394,us-1,ok
3395,107.841,4395,ap-1,ok
3396,111.964,4396,tr-1,ok
3397,115.993,4397,eu-1,ok
3398,114.866,4398,us-1,ok
3399,103.224,4399,ap-1,ok
3400,107.350,4400,tr-1,ok
3401,101.477,4401,eu-1,ok
3402,116.398,4402,us-1,ok
3403,110.902,4403,ap-1,ok
3404,100.973,4404,tr-1,ok
3405,106.183,4405,eu-1,ok
3406,106.828,4406,us-1,ok
3407,114.267,4407,ap-1,ok
3408,112.904,4408,tr-1,ok
3409,115.662,4409,eu-1,ok
3410,115.816,4410,us-1,ok
3411,107.166,4411,ap-1,ok
3412,107.640,4412,tr-1,ok
3413,113.197,4413,eu-1,ok
3414,103.875,4414,us-1,ok
3415,100.537,4415,ap-1,ok
3416,106.326,4416,tr-1,ok
3417,110.096,4417,eu-1,ok
3418,103.308,4418,us-1,ok
3419,112.884,4419,ap-1,ok
3420,116.492,4420,tr-1,ok
3421,110.700,4421,eu-1,ok
3422,105.662,4422,us-1,ok
3423,112.782,4423,ap-1,ok
3424,109.451,4424,tr-1,ok
3425,108.549,4425,eu-1,ok
3426,117.017,4426,us-1,ok
3427,112.856,4427,ap-1,ok
3428,112.011,4428,tr-1,ok
3429,99.864,4429,eu-1,ok
3430,101.896,4430,us-1,ok
3431,111.266,4431,ap-1,ok
3432,113.464,4432,tr-1,ok
3433,101.617,4433,eu-1,ok
3434,110.635,4434,us-1,ok
3435,103.399,4435,ap-1,ok
3436,116.538,4436,tr-1,ok
3437,112.949,4437,eu-1,ok
3438,99.680,4438,us-1,ok
3439,117.040,4439,ap-1,ok
3440,117.101,4440,tr-1,ok
3441,112.509,4441,eu-1,ok
3442,104.432,4442,us-1,ok
3443,104.857,4443,ap-1,ok
3444,105.412,4444,tr-1,ok
3445,106.875,4445,eu-1,ok
3446,106.173,4446,us-1,ok
3447,115.669,4447,ap-1,ok
3448,103.936,4448,tr-1,ok
3449,99.764,4449,eu-1,ok
3450,115.195,4450,us-1,ok
3451,103.737,4451,ap-1,ok
3452,109.720,4452,tr-1,ok
3453,102.583,4453,eu-1,ok
3454,110.459,4454,us-1,ok
3455,111.948,4455,ap-1,ok
3456,98.803,4456,tr-1,ok
3457,103.514,4457,eu-1,ok
3458,110.387,4458,us-1,ok
3459,116.381,4459,ap-1,ok
3460,109.829,4460,tr-1,ok
3461,99.803,4461,eu-1,ok
3462,105.313,4462,us-1,ok
3463,107.585,4463,ap-1,ok
3464,99.323,4464,tr-1,ok
3465,114.756,4465,eu-1,ok
3466,108.134,4466,us-1,ok
3467,108.899,4467,ap-1,ok
3468,111.878,4468,tr-1,ok
3469,106.938,4469,eu-1,ok
3470,102.001,4470,us-1,ok
3471,103.917,4471,ap-1,ok
3472,98.433,4472,tr-1,ok
3473,99.656,4473,eu-1,ok
3474,113.921,4474,us-1,ok
3475,106.638,4475,ap-1,ok
3476,104.324,4476,tr-1,ok
3477,110.439,4477,eu-1,ok
3478,109.945,4478,us-1,ok
3479,104.051,4479,ap-1,ok
3480,103.025,4480,tr-1,ok
3481,98.912,4481,eu-1,ok
3482,110.459,4482,us-1,ok
3483,101.951,4483,ap-1,ok
3484,98.942,4484,tr-1,ok
3485,107.555,4485,eu-1,ok
3486,109.099,4486,us-1,ok
3487,99.476,4487,ap-1,ok
3488,103.214,4488,tr-1,ok
3489,102.445,4489,eu-1,ok
3490,107.395,4490,us-1,ok
3491,103.333,4491,ap-1,ok
3492,98.042,4492,tr-1,ok
3493,103.816,4493,eu-1,ok
3494,105.178,4494,us-1,ok
3495,106.333,4495,ap-1,ok
3496,108.765,4496,tr-1,ok
3497,102.257,4497,eu-1,ok
3498,97.517,4498,us-1,ok
3499,103.382,4499,ap-1,ok
3500,103.412,4500,tr-1,ok
3501,103.676,4501,eu-1,ok
3502,109.352,4502,us-1,ok
3503,108.766,4503,ap-1,ok
3504,105.597,4504,tr-1,ok
3505,101.588,4505,eu-1,ok
3506,109.310,4506,us-1,ok
3507,95.798,4507,ap-1,ok
3508,99.806,4508,tr-1,ok
3509,106.530,4509,eu-1,ok
3510,106.477,4510,us-1,ok
3511,99.795,4511,ap-1,ok
3512,105.434,4512,tr-1,ok
3513,99.306,4513,eu-1,ok
3514,108.465,4514,us-1,ok
3515,95.352,4515,ap-1,ok
3516,109.118,4516,tr-1,ok
3517,111.443,4517,eu-1,ok
3518,109.023,4518,us-1,ok
3519,104.607,4519,ap-1,ok
3520,104.021,4520,tr-1,ok
3521,98.680,4521,eu-1,ok
3522,105.964,4522,us-1,ok
3523,102.499,4523,ap-1,ok
3524,112.157,4524,tr-1,ok
3525,107.342,4525,eu-1,ok
3526,102.304,4526,us-1,ok
3527,100.544,4527,ap-1,ok
3528,104.946,4528,tr-1,ok
3529,102.473,4529,eu-1,ok
3530,106.540,4530,us-1,ok
3531,94.882,4531,ap-1,ok
3532,94.101,4532,tr-1,ok
3533,99.473,4533,eu-1,ok
3534,109.570,4534,us-1,ok
3535,94.067,4535,ap-1,ok
3536,109.049,4536,tr-1,ok
3537,98.868,4537,eu-1,ok
3538,100.027,4538,us-1,ok
3539,102.615,4539,ap-1,ok
3540,103.517,4540,tr-1,ok
3541,95.066,4541,eu-1,ok
3542,98.901,4542,us-1,ok
3543,98.202,4543,ap-1,ok
3544,100.952,4544,tr-1,ok
3545,96.996,4545,eu-1,ok
3546,107.679,4546,us-1,ok
3547,101.233,4547,ap-1,ok
3548,103.366,4548,tr-1,ok
3549,98.393,4549,eu-1,ok
3550,92.691,4550,us-1,ok
3551,94.716,4551,ap-1,ok
3552,101.268,4552,tr-1,ok
3553,108.132,4553,eu-1,ok
3554,99.720,4554,us-1,ok
3555,92.054,4555,ap-1,ok
3556,106.109,4556,tr-1,ok
3557,97.810,4557,eu-1,ok
3558,105.393,4558,us-1,ok
3559,103.983,4559,ap-1,ok
3560,96.037,4560,tr-1,ok
3561,105.605,4561,eu-1,ok
3562,108.466,4562,us-1,ok
3563,105.823,4563,ap-1,ok
3564,92.784,4564,tr-1,ok
3565,99.296,4565,eu-1,ok
3566,102.501,4566,us-1,ok
3567,96.569,4567,ap-1,ok
3568,103.041,4568,tr-1,ok
3569,93.981,4569,eu-1,ok
3570,98.437,4570,us-1,ok
3571,105.979,4571,ap-1,ok
3572,102.701,4572,tr-1,ok
3573,101.638,4573,eu-1,ok
3574,103.840,4574,us-1,ok
3575,91.701,4575,ap-1,ok
3576,94.020,4576,tr-1,ok
3577,106.257,4577,eu-1,ok
3578,89.849,4578,us-1,ok
3579,92.993,4579,ap-1,ok
3580,105.319,4580,tr-1,ok
3581,100.805,4581,eu-1,ok
3582,95.679,4582,us-1,ok
3583,103.668,4583,ap-1,ok
3584,101.528,4584,tr-1,ok
3585,105.021,4585,eu-1,ok
3586,105.223,4586,us-1,ok
3587,90.013,4587,ap-1,ok
3588,97.935,4588,tr-1,ok
3589,94.214,4589,eu-1,ok
3590,90.644,4590,us-1,ok
3591,88.308,4591,ap-1,ok
3592,99.214,4592,tr-1,ok
3593,87.298,4593,eu-1,ok
3594,93.484,4594,us-1,ok
3595,96.935,4595,ap-1,ok
3596,93.214,4596,tr-1,ok
3597,92.076,4597,eu-1,ok
3598,91.444,4598,us-1,ok
3599,102.350,4599,ap-1,ok
3600,101.203,4600,tr-1,ok
3601,98.359,4601,eu-1,ok
3602,93.757,4602,us-1,ok
3603,95.887,4603,ap-1,ok
3604,93.639,4604,tr-1,ok
3605,99.879,4605,eu-1,ok
3606,99.414,4606,us-1,ok
3607,89.833,4607,ap-1,ok
3608,86.942,4608,tr-1,ok
3609,100.562,4609,eu-1,ok
3610,97.177,4610,us-1,ok
3611,93.496,4611,ap-1,ok
3612,92.248,4612,tr-1,ok
3613,86.748,4613,eu-1,ok
3614,89.118,4614,us-1,ok
3615,100.542,4615,ap-1,ok
3616,92.712,4616,tr-1,ok
3617,88.353,4617,eu-1,ok
3618,95.675,4618,us-1,ok
3619,87.352,4619,ap-1,ok
3620,83.719,4620,tr-1,ok
3621,84.999,4621,eu-1,ok
3622,84.707,4622,us-1,ok
3623,93.753,4623,ap-1,ok
3624,86.750,4624,tr-1,ok
3625,99.437,4625,eu-1,ok
3626,87.246,4626,us-1,ok
3627,84.192,4627,ap-1,ok
3628,87.400,4628,tr-1,ok
3629,98.223,4629,eu-1,ok
3630,82.487,4630,us-1,ok
3631,98.301,4631,ap-1,ok
3632,94.887,4632,tr-1,ok
3633,90.990,4633,eu-1,ok
3634,89.847,4634,us-1,ok
3635,94.626,4635,ap-1,ok
3636,88.182,4636,tr-1,ok
3637,92.768,4637,eu-1,ok
3638,87.140,4638,us-1,ok
3639,91.988,4639,ap-1,ok
3640,98.218,4640,tr-1,ok
3641,89.690,4641,eu-1,ok
3642,83.186,4642,us-1,ok
3643,96.721,4643,ap-1,ok
3644,94.601,4644,tr-1,ok
3645,81.892,4645,eu-1,ok
3646,86.406,4646,us-1,ok
3647,87.825,4647,ap-1,ok
3648,85.992,4648,tr-1,ok
3649,92.821,4649,eu-1,ok
3650,91.871,4650,us-1,ok
3651,86.275,4651,ap-1,ok
3652,93.469,4652,tr-1,ok
3653,90.046,4653,eu-1,ok
3654,87.775,4654,us-1,ok
3655,95.484,4655,ap-1,ok
3656,93.030,4656,tr-1,ok
3657,88.595,4657,eu-1,ok
3658,79.701,4658,us-1,ok
3659,80.713,4659,ap-1,ok
3660,78.648,4660,tr-1,ok
3661,81.963,4661,eu-1,ok
3662,88.225,4662,us-1,ok
3663,89.168,4663,ap-1,ok
3664,87.996,4664,tr-1,ok
3665,84.412,4665,eu-1,ok
3666,77.971,4666,us-1,ok
3667,78.431,4667,ap-1,ok
3668,86.037,4668,tr-1,ok
3669,81.638,4669,eu-1,ok
3670,79.931,4670,us-1,ok
3671,81.055,4671,ap-1,ok
3672,80.509,4672,tr-1,ok
3673,78.881,4673,eu-1,ok
3674,85.286,4674,us-1,ok
3675,84.911,4675,ap-1,ok
3676,88.964,4676,tr-1,ok
3677,91.441,4677,eu-1,ok
3678,79.758,4678,us-1,ok
3679,76.720,4679,ap-1,ok
3680,75.068,4680,tr-1,ok
3681,79.025,4681,eu-1,ok
3682,75.590,4682,us-1,ok
3683,78.185,4683,ap-1,ok
3684,82.738,4684,tr-1,ok
3685,90.322,4685,eu-1,ok
3686,85.088,4686,us-1,ok
3687,85.087,4687,ap-1,ok
3688,76.137,4688,tr-1,ok
3689,86.859,4689,eu-1,ok
3690,85.604,4690,us-1,ok
3691,84.038,4691,ap-1,ok
3692,89.380,4692,tr-1,ok
3693,83.283,4693,eu-1,ok
3694,86.291,4694,us-1,ok
3695,83.021,4695,ap-1,ok
3696,72.654,4696,tr-1,ok
3697,79.217,4697,eu-1,ok
3698,81.932,4698,us-1,ok
3699,77.517,4699,ap-1,ok
3700,73.621,4700,tr-1,ok
3701,83.852,4701,eu-1,ok
3702,81.359,4702,us-1,ok
3703,78.149,4703,ap-1,ok
3704,87.447,4704,tr-1,ok
3705,87.555,4705,eu-1,ok
3706,82.658,4706,us-1,ok
3707,85.347,4707,ap-1,ok
3708,77.281,4708,tr-1,ok
3709,85.951,4709,eu-1,ok
3710,86.846,4710,us-1,ok
3711,86.908,4711,ap-1,ok
3712,75.127,4712,tr-1,ok
3713,78.123,4713,eu-1,ok
3714,81.512,4714,us-1,ok
3715,84.522,4715,ap-1,ok
3716,80.472,4716,tr-1,ok
3717,78.119,4717,eu-1,ok
3718,77.676,4718,us-1,ok
3719,84.622,4719,ap-1,ok
3720,82.181,4720,tr-1,ok
3721,79.461,4721,eu-1,ok
3722,71.836,4722,us-1,ok
3723,77.251,4723,ap-1,ok
3724,83.140,4724,tr-1,ok
3725,85.129,4725,eu-1,ok
3726,80.284,4726,us-1,ok
3727,79.062,4727,ap-1,ok
3728,73.716,4728,tr-1,ok
3729,72.536,4729,eu-1,ok
3730,78.460,4730,us-1,ok
3731,68.566,4731,ap-1,ok
3732,82.598,4732,tr-1,ok
3733,74.790,4733,eu-1,ok
3734,81.788,4734,us-1,ok
3735,76.419,4735,ap-1,ok
3736,69.468,4736,tr-1,ok
3737,66.857,4737,eu-1,ok
3738,78.959,4738,us-1,ok
3739,67.018,4739,ap-1,ok
3740,77.924,4740,tr-1,ok
3741,82.087,4741,eu-1,ok
3742,70.040,4742,us-1,ok
3743,73.498,4743,ap-1,ok
3744,71.388,4744,tr-1,ok
3745,65.317,4745,eu-1,ok
3746,67.553,4746,us-1,ok
3747,69.046,4747,ap-1,ok
3748,68.331,4748,tr-1,ok
3749,72.608,4749,eu-1,ok
3750,67.428,4750,us-1,ok
3751,63.774,4751,ap-1,ok
3752,72.015,4752,tr-1,ok
3753,75.625,4753,eu-1,ok
3754,66.315,4754,us-1,ok
3755,67.023,4755,ap-1,ok
3756,77.073,4756,tr-1,ok
3757,75.538,4757,eu-1,ok
3758,65.405,4758,us-1,ok
3759,63.566,4759,ap-1,ok
3760,75.251,4760,tr-1,ok
3761,70.139,4761,eu-1,ok
3762,76.168,4762,us-1,ok
3763,73.418,4763,ap-1,ok
3764,76.450,4764,tr-1,ok
3765,73.435,4765,eu-1,ok
3766,64.329,4766,us-1,ok
3767,69.235,4767,ap-1,ok
3768,67.592,4768,tr-1,ok
3769,71.313,4769,eu-1,ok
3770,72.408,4770,us-1,ok
3771,66.888,4771,ap-1,ok
3772,67.164,4772,tr-1,ok
3773,69.858,4773,eu-1,ok
3774,69.687,4774,us-1,ok
3775,69.615,4775,ap-1,ok
3776,60.003,4776,tr-1,ok
3777,74.089,4777,eu-1,ok
3778,60.715,4778,us-1,ok
3779,72.765,4779,ap-1,ok
3780,69.763,4780,tr-1,ok
3781,75.062,4781,eu-1,ok
3782,64.697,4782,us-1,ok
3783,69.919,4783,ap-1,ok
3784,64.039,4784,tr-1,ok
3785,71.556,4785,eu-1,ok
3786,66.310,4786,us-1,ok
3787,69.930,4787,ap-1,ok
3788,65.193,4788,tr-1,ok
3789,62.239,4789,eu-1,ok
3790,66.376,4790,us-1,ok
3791,70.305,4791,ap-1,ok
3792,58.475,4792,tr-1,ok
3793,70.342,4793,eu-1,ok
3794,59.019,4794,us-1,ok
3795,61.116,4795,ap-1,ok
3796,70.444,4796,tr-1,ok
3797,69.955,4797,eu-1,ok
3798,61.675,4798,us-1,ok
3799,72.767,4799,ap-1,ok
3800,63.640,4800,tr-1,ok
3801,64.509,4801,eu-1,ok
3802,58.815,4802,us-1,ok
3803,60.817,4803,ap-1,ok
3804,58.300,4804,tr-1,ok
3805,66.257,4805,eu-1,ok
3806,57.207,4806,us-1,ok
3807,55.441,4807,ap-1,ok
3808,58.493,4808,tr-1,ok
3809,56.269,4809,eu-1,ok
3810,61.841,4810,us-1,ok
3811,58.077,4811,ap-1,ok
3812,60.052,4812,tr-1,ok
3813,65.296,4813,eu-1,ok
3814,57.759,4814,us-1,ok
3815,65.070,4815,ap-1,ok
3816,57.144,4816,tr-1,ok
3817,65.739,4817,eu-1,ok
3818,68.370,4818,us-1,ok
3819,61.954,4819,ap-1,ok
3820,66.528,4820,tr-1,ok
3821,66.688,4821,eu-1,ok
3822,55.761,4822,us-1,ok
3823,59.870,4823,ap-1,ok
3824,64.085,4824,tr-1,ok
3825,55.859,4825,eu-1,ok
3826,51.125,4826,us-1,ok
3827,52.317,4827,ap-1,ok
3828,61.875,4828,tr-1,ok
3829,67.667,4829,eu-1,ok
3830,67.648,4830,us-1,ok
3831,57.158,4831,ap-1,ok
3832,58.092,4832,tr-1,ok
3833,60.206,4833,eu-1,ok
3834,57.303,4834,us-1,ok
3835,64.200,4835,ap-1,ok
3836,62.752,4836,tr-1,ok
3837,57.656,4837,eu-1,ok
3838,50.146,4838,us-1,ok
3839,65.364,4839,ap-1,ok
3840,64.481,4840,tr-1,ok
3841,56.431,4841,eu-1,ok
3842,52.402,4842,us-1,ok
3843,65.990,4843,ap-1,ok
3844,59.895,4844,tr-1,ok
3845,64.310,4845,eu-1,ok
3846,55.338,4846,us-1,ok
3847,48.665,4847,ap-1,ok
3848,62.039,4848,tr-1,ok
3849,51.974,4849,eu-1,ok
3850,52.681,4850,us-1,ok
3851,50.943,4851,ap-1,ok
3852,59.761,4852,tr-1,ok
3853,52.378,4853,eu-1,ok
3854,61.272,4854,us-1,ok
3855,49.283,4855,ap-1,ok
3856,62.713,4856,tr-1,ok
3857,47.861,4857,eu-1,ok
3858,60.374,4858,us-1,ok
3859,55.905,4859,ap-1,ok
3860,61.939,4860,tr-1,ok
3861,53.953,4861,eu-1,ok
3862,53.423,4862,us-1,ok
3863,59.723,4863,ap-1,ok
3864,54.956,4864,tr-1,ok
3865,44.702,4865,eu-1,ok
3866,60.617,4866,us-1,ok
3867,52.955,4867,ap-1,ok
3868,50.195,4868,tr-1,ok
3869,48.663,4869,eu-1,ok
3870,50.701,4870,us-1,ok
3871,60.518,4871,ap-1,ok
3872,59.100,4872,tr-1,ok
3873,48.631,4873,eu-1,ok
3874,45.278,4874,us-1,ok
3875,51.456,4875,ap-1,ok
3876,45.603,4876,tr-1,ok
3877,55.247,4877,eu-1,ok
3878,45.371,4878,us-1,ok
3879,54.170,4879,ap-1,ok
3880,43.636,4880,tr-1,ok
3881,55.067,4881,eu-1,ok
3882,53.053,4882,us-1,ok
3883,55.689,4883,ap-1,ok
3884,58.082,4884,tr-1,ok
3885,44.690,4885,eu-1,ok
3886,55.635,4886,us-1,ok
3887,43.970,4887,ap-1,ok
3888,47.751,4888,tr-1,ok
3889,50.216,4889,eu-1,ok
3890,52.009,4890,us-1,ok
3891,53.676,4891,ap-1,ok
3892,46.853,4892,tr-1,ok
3893,40.688,4893,eu-1,ok
3894,54.025,4894,us-1,ok
3895,57.707,4895,ap-1,ok
3896,57.543,4896,tr-1,ok
3897,47.383,4897,eu-1,ok
3898,39.915,4898,us-1,ok
3899,53.277,4899,ap-1,ok
3900,54.903,4900,tr-1,ok
3901,52.799,4901,eu-1,ok
3902,52.046,4902,us-1,ok
3903,44.763,4903,ap-1,ok
3904,53.380,4904,tr-1,ok
3905,48.716,4905,eu-1,ok
3906,56.205,4906,us-1,ok
3907,46.280,4907,ap-1,ok
3908,38.516,4908,tr-1,ok
3909,55.409,4909,eu-1,ok
3910,42.477,4910,us-1,ok
3911,40.538,4911,ap-1,ok
3912,40.867,4912,tr-1,ok
3913,52.792,4913,eu-1,ok
3914,38.875,4914,us-1,ok
3915,38.998,4915,ap-1,ok
3916,53.804,4916,tr-1,ok
3917,46.029,4917,eu-1,ok
3918,54.465,4918,us-1,ok
3919,46.087,4919,ap-1,ok
3920,46.551,4920,tr-1,ok
3921,46.334,4921,eu-1,ok
3922,44.267,4922,us-1,ok
3923,46.243,4923,ap-1,ok
3924,48.226,4924,tr-1,ok
3925,43.969,4925,eu-1,ok
3926,53.616,4926,us-1,ok
3927,43.033,4927,ap-1,ok
3928,37.322,4928,tr-1,ok
3929,43.159,4929,eu-1,ok
3930,38.178,4930,us-1,ok
3931,51.420,4931,ap-1,ok
3932,46.134,4932,tr-1,ok
3933,36.674,4933,eu-1,ok
3934,48.792,4934,us-1,ok
3935,49.476,4935,ap-1,ok
3936,40.386,4936,tr-1,ok
3937,38.411,4937,eu-1,ok
3938,38.524,4938,us-1,ok
3939,47.865,4939,ap-1,ok
3940,41.142,4940,tr-1,ok
3941,39.742,4941,eu-1,ok
3942,44.621,4942,us-1,ok
3943,42.800,4943,ap-1,ok
3944,38.337,4944,tr-1,ok
3945,48.570,4945,eu-1,ok
3946,48.840,4946,us-1,ok
3947,35.015,4947,ap-1,ok
3948,37.626,4948,tr-1,ok
3949,49.172,4949,eu-1,ok
3950,42.495,4950,us-1,ok
3951,38.561,4951,ap-1,ok
3952,46.290,4952,tr-1,ok
3953,44.548,4953,eu-1,ok
3954,47.975,4954,us-1,ok
3955,48.351,4955,ap-1,ok
3956,36.267,4956,tr-1,ok
3957,36.495,4957,eu-1,ok
3958,49.675,4958,us-1,ok
3959,38.183,4959,ap-1,ok
3960,41.677,4960,tr-1,ok
3961,41.492,4961,eu-1,ok
3962,32.813,4962,us-1,ok
3963,36.440,4963,ap-1,ok
3964,38.699,4964,tr-1,ok
3965,45.732,4965,eu-1,ok
3966,48.654,4966,us-1,ok
3967,35.353,4967,ap-1,ok
3968,31.433,4968,tr-1,ok
3969,46.109,4969,eu-1,ok
3970,45.909,4970,us-1,ok
3971,39.457,4971,ap-1,ok
3972,39.010,4972,tr-1,ok
3973,44.707,4973,eu-1,ok
3974,47.408,4974,us-1,ok
3975,47.428,4975,ap-1,ok
3976,30.972,4976,tr-1,ok
3977,35.387,4977,eu-1,ok
3978,31.794,4978,us-1,ok
3979,34.080,4979,ap-1,ok
3980,46.131,4980,tr-1,ok
3981,45.724,4981,eu-1,ok
3982,42.644,4982,us-1,ok
3983,46.353,4983,ap-1,ok
3984,38.683,4984,tr-1,ok
3985,33.112,4985,eu-1,ok
3986,46.226,4986,us-1,ok
3987,33.700,4987,ap-1,ok
3988,41.983,4988,tr-1,ok
3989,43.794,4989,eu-1,ok
3990,35.626,4990,us-1,ok
3991,44.058,4991,ap-1,ok
3992,45.084,4992,tr-1,ok
3993,28.011,4993,eu-1,ok
3994,39.806,4994,us-1,ok
3995,39.196,4995,ap-1,ok
3996,30.656,4996,tr-1,ok
3997,36.601,4997,eu-1,ok
3998,29.829,4998,us-1,ok
3999,42.972,4999,ap-1,ok
4000,31.365,5000,tr-1,ok
4001,44.877,5001,eu-1,ok
4002,34.930,5002,us-1,ok
4003,27.806,5003,ap-1,ok
4004,33.098,5004,tr-1,ok
4005,38.665,5005,eu-1,ok
4006,32.003,5006,us-1,ok
4007,43.872,5007,ap-1,ok
4008,32.962,5008,tr-1,ok
4009,35.040,5009,eu-1,ok
4010,44.316,5010,us-1,ok
4011,31.087,5011,ap-1,ok
4012,30.017,5012,tr-1,ok
4013,34.871,5013,eu-1,ok
4014,35.122,5014,us-1,ok
4015,35.990,5015,ap-1,ok
4016,40.437,5016,tr-1,ok
4017,30.644,5017,eu-1,ok
4018,41.208,5018,us-1,ok
4019,40.791,5019,ap-1,ok
4020,31.613,5020,tr-1,ok
4021,33.555,5021,eu-1,ok
4022,29.138,5022,us-1,ok
4023,35.386,5023,ap-1,ok
4024,33.292,5024,tr-1,ok
4025,29.015,5025,eu-1,ok
4026,39.139,5026,us-1,ok
4027,30.631,5027,ap-1,ok
4028,27.653,5028,tr-1,ok
4029,29.792,5029,eu-1,ok
4030,35.798,5030,us-1,ok
4031,38.152,5031,ap-1,ok
4032,25.700,5032,tr-1,ok
4033,33.382,5033,eu-1,ok
4034,42.273,5034,us-1,ok
4035,27.264,5035,ap-1,ok
4036,25.636,5036,tr-1,ok
4037,40.431,5037,eu-1,ok
4038,28.712,5038,us-1,ok
4039,36.276,5039,ap-1,ok
4040,24.480,5040,tr-1,ok
4041,27.106,5041,eu-1,ok
4042,40.317,5042,us-1,ok
4043,26.258,5043,ap-1,ok
4044,39.500,5044,tr-1,ok
4045,39.553,5045,eu-1,ok
4046,27.229,5046,us-1,ok
4047,29.852,5047,ap-1,ok
4048,38.714,5048,tr-1,ok
4049,35.524,5049,eu-1,ok
4050,32.082,5050,us-1,ok
4051,37.451,5051,ap-1,ok
4052,33.867,5052,tr-1,ok
4053,25.659,5053,eu-1,ok
4054,23.611,5054,us-1,ok
4055,26.889,5055,ap-1,ok
4056,29.012,5056,tr-1,ok
4057,34.848,5057,eu-1,ok
4058,30.782,5058,us-1,ok
4059,35.851,5059,ap-1,ok
4060,30.433,5060,tr-1,ok
4061,23.167,5061,eu-1,ok
4062,31.319,5062,us-1,ok
4063,30.512,5063,ap-1,ok
4064,27.440,5064,tr-1,ok
4065,26.081,5065,eu-1,ok
4066,40.082,5066,us-1,ok
4067,23.876,5067,ap-1,ok
4068,36.457,5068,tr-1,ok
4069,25.363,5069,eu-1,ok
4070,34.389,5070,us-1,ok
4071,36.922,5071,ap-1,ok
4072,37.284,5072,tr-1,ok
4073,32.822,5073,eu-1,ok
4074,30.659,5074,us-1,ok
4075,35.903,5075,ap-1,ok
4076,22.881,5076,tr-1,ok
4077,26.380,5077,eu-1,ok
4078,32.895,5078,us-1,ok
4079,39.305,5079,ap-1,ok
4080,26.515,5080,tr-1,ok
4081,32.899,5081,eu-1,ok
4082,38.362,5082,us-1,ok
4083,35.467,5083,ap-1,ok
4084,35.871,5084,tr-1,ok
4085,27.098,5085,eu-1,ok
4086,29.342,5086,us-1,ok
4087,26.986,5087,ap-1,ok
4088,37.053,5088,tr-1,ok
4089,35.676,5089,eu-1,ok
4090,32.343,5090,us-1,ok
4091,31.033,5091,ap-1,ok
4092,33.588,5092,tr-1,ok
4093,31.848,5093,eu-1,ok
4094,34.405,5094,us-1,ok
4095,38.234,5095,ap-1,ok
4096,33.707,5096,tr-1,ok
4097,22.499,5097,eu-1,ok
4098,25.546,5098,us-1,ok
4099,33.391,5099,ap-1,ok
4100,33.971,5100,tr-1,ok
4101,24.971,5101,eu-1,ok
4102,35.646,5102,us-1,ok
4103,31.804,5103,ap-1,ok
4104,30.041,5104,tr-1,ok
4105,21.811,5105,eu-1,ok
4106,31.883,5106,us-1,ok
4107,27.286,5107,ap-1,ok
4108,20.860,5108,tr-1,ok
4109,32.278,5109,eu-1,ok
4110,28.850,5110,us-1,ok
4111,37.874,5111,ap-1,ok
4112,27.120,5112,tr-1,ok
4113,36.556,5113,eu-1,ok
4114,29.127,5114,us-1,ok
4115,29.416,5115,ap-1,ok
4116,33.293,5116,tr-1,ok
4117,23.362,5117,eu-1,ok
4118,26.491,5118,us-1,ok
4119,22.252,5119,ap-1,ok
4120,23.522,5120,tr-1,ok
4121,29.790,5121,eu-1,ok
4122,32.035,5122,us-1,ok
4123,28.426,5123,ap-1,ok
4124,33.244,5124,tr-1,ok
4125,32.089,5125,eu-1,ok
4126,26.101,5126,us-1,ok
4127,36.178,5127,ap-1,ok
4128,26.581,5128,tr-1,ok
4129,29.118,5129,eu-1,ok
4130,37.602,5130,us-1,ok
4131,29.491,5131,ap-1,ok
4132,32.328,5132,tr-1,ok
4133,27.529,5133,eu-1,ok
4134,33.925,5134,us-1,ok
4135,27.077,5135,ap-1,ok
4136,34.157,5136,tr-1,ok
4137,31.965,5137,eu-1,ok
4138,25.291,5138,us-1,ok
4139,34.312,5139,ap-1,ok
4140,26.770,5140,tr-1,ok
4141,22.717,5141,eu-1,ok
4142,32.155,5142,us-1,ok
4143,33.509,5143,ap-1,ok
4144,33.646,5144,tr-1,ok
4145,33.155,5145,eu-1,ok
4146,33.640,5146,us-1,ok
4147,23.891,5147,ap-1,ok
4148,31.110,5148,tr-1,ok
4149,23.144,5149,eu-1,ok
4150,26.095,5150,us-1,ok
4151,33.210,5151,ap-1,ok
4152,35.717,5152,tr-1,ok
4153,32.897,5153,eu-1,ok
4154,30.881,5154,us-1,ok
4155,26.819,5155,ap-1,ok
4156,27.835,5156,tr-1,ok
4157,36.571,5157,eu-1,ok
4158,36.506,5158,us-1,ok
4159,36.188,5159,ap-1,ok
4160,34.925,5160,tr-1,ok
4161,25.462,5161,eu-1,ok
4162,27.497,5162,us-1,ok
4163,34.582,5163,ap-1,ok
4164,37.714,5164,tr-1,ok
4165,24.257,5165,eu-1,ok
4166,27.576,5166,us-1,ok
4167,26.472,5167,ap-1,ok
4168,24.745,5168,tr-1,ok
4169,36.346,5169,eu-1,ok
4170,31.987,5170,us-1,ok
4171,24.098,5171,ap-1,ok
4172,24.188,5172,tr-1,ok
4173,36.596,5173,eu-1,ok
4174,37.264,5174,us-1,ok
4175,30.586,5175,ap-1,ok
4176,23.080,5176,tr-1,ok
4177,32.898,5177,eu-1,ok
4178,22.518,5178,us-1,ok
4179,33.856,5179,ap-1,ok
4180,34.581,5180,tr-1,ok
4181,22.922,5181,eu-1,ok
4182,21.318,5182,us-1,ok
4183,22.661,5183,ap-1,ok
4184,33.598,5184,tr-1,ok
4185,28.134,5185,eu-1,ok
4186,30.595,5186,us-1,ok
4187,27.253,5187,ap-1,ok
4188,32.973,5188,tr-1,ok
4189,28.453,5189,eu-1,ok
4190,35.481,5190,us-1,ok
4191,33.701,5191,ap-1,ok
4192,38.081,5192,tr-1,ok
4193,23.312,5193,eu-1,ok
4194,23.257,5194,us-1,ok
4195,32.892,5195,ap-1,ok
4196,34.233,5196,tr-1,ok
4197,32.553,5197,eu-1,ok
4198,38.836,5198,us-1,ok
4199,27.356,5199,ap-1,ok
4200,25.862,5200,tr-1,ok
4201,26.708,5201,eu-1,ok
4202,35.978,5202,us-1,ok
4203,21.769,5203,ap-1,ok
4204,25.193,5204,tr-1,ok
4205,39.125,5205,eu-1,ok
4206,23.815,5206,us-1,ok
4207,28.836,5207,ap-1,ok
4208,29.256,5208,tr-1,ok
4209,22.333,5209,eu-1,ok
4210,36.460,5210,us-1,ok
4211,38.176,5211,ap-1,ok
4212,32.061,5212,tr-1,ok
4213,24.784,5213,eu-1,ok
4214,22.568,5214,us-1,ok
4215,35.706,5215,ap-1,ok
4216,35.209,5216,tr-1,ok
4217,34.423,5217,eu-1,ok
4218,28.055,5218,us-1,ok
4219,22.930,5219,ap-1,ok
4220,23.493,5220,tr-1,ok
4221,22.717,5221,eu-1,ok
4222,34.100,5222,us-1,ok
4223,33.380,5223,ap-1,ok
4224,38.579,5224,tr-1,ok
4225,37.087,5225,eu-1,ok
4226,24.542,5226,us-1,ok
4227,27.038,5227,ap-1,ok
4228,29.061,5228,tr-1,ok
4229,34.207,5229,eu-1,ok
4230,24.274,5230,us-1,ok
4231,40.314,5231,ap-1,ok
4232,27.957,5232,tr-1,ok
4233,28.453,5233,eu-1,ok
4234,24.491,5234,us-1,ok
4235,27.732,5235,ap-1,ok
4236,24.021,5236,tr-1,ok
4237,35.492,5237,eu-1,ok
4238,27.216,5238,us-1,ok
4239,28.370,5239,ap-1,ok
4240,31.776,5240,tr-1,ok
4241,28.620,5241,eu-1,ok
4242,36.485,5242,us-1,ok
4243,35.813,5243,ap-1,ok
4244,26.877,5244,tr-1,ok
4245,37.126,5245,eu-1,ok
4246,40.391,5246,us-1,ok
4247,25.133,5247,ap-1,ok
4248,28.083,5248,tr-1,ok
4249,37.713,5249,eu-1,ok
4250,39.639,5250,us-1,ok
4251,41.129,5251,ap-1,ok
4252,36.869,5252,tr-1,ok
4253,27.933,5253,eu-1,ok
4254,39.819,5254,us-1,ok
4255,36.844,5255,ap-1,ok
4256,24.250,5256,tr-1,ok
4257,39.329,5257,eu-1,ok
4258,39.506,5258,us-1,ok
4259,42.222,5259,ap-1,ok
4260,34.801,5260,tr-1,ok
4261,27.671,5261,eu-1,ok
4262,27.883,5262,us-1,ok
4263,27.930,5263,ap-1,ok
4264,31.590,5264,tr-1,ok
4265,29.874,5265,eu-1,ok
4266,38.343,5266,us-1,ok
4267,41.800,5267,ap-1,ok
4268,37.223,5268,tr-1,ok
4269,26.194,5269,eu-1,ok
4270,36.379,5270,us-1,ok
4271,41.269,5271,ap-1,ok
4272,26.162,5272,tr-1,ok
4273,41.868,5273,eu-1,ok
4274,35.148,5274,us-1,ok
4275,37.437,5275,ap-1,ok
4276,42.368,5276,tr-1,ok
4277,35.320,5277,eu-1,ok
4278,31.536,5278,us-1,ok
4279,29.393,5279,ap-1,ok
4280,30.482,5280,tr-1,ok
4281,43.608,5281,eu-1,ok
4282,38.823,5282,us-1,ok
4283,28.895,5283,ap-1,ok
4284,35.015,5284,tr-1,ok
4285,41.733,5285,eu-1,ok
4286,31.003,5286,us-1,ok
4287,39.555,5287,ap-1,ok
4288,40.167,5288,tr-1,ok
4289,28.055,5289,eu-1,ok
4290,41.372,5290,us-1,ok
4291,42.998,5291,ap-1,ok
4292,43.669,5292,tr-1,ok
4293,29.186,5293,eu-1,ok
4294,40.432,5294,us-1,ok
4295,36.184,5295,ap-1,ok
4296,33.386,5296,tr-1,ok
4297,38.225,5297,eu-1,ok
4298,36.644,5298,us-1,ok
4299,39.922,5299,ap-1,ok
4300,37.171,5300,tr-1,ok
4301,33.211,5301,eu-1,ok
4302,45.527,5302,us-1,ok
4303,37.120,5303,ap-1,ok
4304,42.877,5304,tr-1,ok
4305,41.167,5305,eu-1,ok
4306,38.459,5306,us-1,ok
4307,38.590,5307,ap-1,ok
4308,33.046,5308,tr-1,ok
4309,32.038,5309,eu-1,ok
4310,40.121,5310,us-1,ok
4311,36.639,5311,ap-1,ok
4312,30.411,5312,tr-1,ok
4313,35.879,5313,eu-1,ok
4314,38.804,5314,us-1,ok
4315,38.966,5315,ap-1,ok
4316,46.372,5316,tr-1,ok
4317,33.378,5317,eu-1,ok
4318,36.061,5318,us-1,ok
4319,32.249,5319,ap-1,ok
4320,34.635,5320,tr-1,ok
4321,37.612,5321,eu-1,ok
4322,30.270,5322,us-1,ok
4323,36.090,5323,ap-1,ok
4324,45.430,5324,tr-1,ok
4325,43.874,5325,eu-1,ok
4326,47.430,5326,us-1,ok
4327,33.167,5327,ap-1,ok
4328,46.483,5328,tr-1,ok
4329,47.052,5329,eu-1,ok
4330,43.953,5330,us-1,ok
4331,37.834,5331,ap-1,ok
4332,37.569,5332,tr-1,ok
4333,48.407,5333,eu-1,ok
4334,38.592,5334,us-1,ok
4335,47.032,5335,ap-1,ok
4336,32.363,5336,tr-1,ok
4337,32.024,5337,eu-1,ok
4338,38.063,5338,us-1,ok
4339,40.544,5339,ap-1,ok
4340,34.865,5340,tr-1,ok
4341,36.169,5341,eu-1,ok
4342,45.885,5342,us-1,ok
4343,40.749,5343,ap-1,ok
4344,45.659,5344,tr-1,ok
4345,33.492,5345,eu-1,ok
4346,38.662,5346,us-1,ok
4347,43.918,5347,ap-1,ok
4348,46.741,5348,tr-1,ok
4349,36.496,5349,eu-1,ok
4350,49.643,5350,us-1,ok
4351,44.376,5351,ap-1,ok
4352,36.583,5352,tr-1,ok
4353,34.848,5353,eu-1,ok
4354,49.569,5354,us-1,ok
4355,47.717,5355,ap-1,ok
4356,34.913,5356,tr-1,ok
4357,34.517,5357,eu-1,ok
4358,45.254,5358,us-1,ok
4359,40.005,5359,ap-1,ok
4360,51.476,5360,tr-1,ok
4361,48.286,5361,eu-1,ok
4362,52.533,5362,us-1,ok
4363,41.626,5363,ap-1,ok
4364,38.692,5364,tr-1,ok
4365,46.813,5365,eu-1,ok
4366,48.222,5366,us-1,ok
4367,52.499,5367,ap-1,ok
4368,49.882,5368,tr-1,ok
4369,41.445,5369,eu-1,ok
4370,42.453,5370,us-1,ok
4371,50.190,5371,ap-1,ok
4372,37.871,5372,tr-1,ok
4373,54.005,5373,eu-1,ok
4374,49.979,5374,us-1,ok
4375,40.695,5375,ap-1,ok
4376,53.346,5376,tr-1,ok
4377,42.125,5377,eu-1,ok
4378,48.855,5378,us-1,ok
4379,52.483,5379,ap-1,ok
4380,42.032,5380,tr-1,ok
4381,47.082,5381,eu-1,ok
4382,46.562,5382,us-1,ok
4383,54.668,5383,ap-1,ok
4384,51.512,5384,tr-1,ok
4385,42.949,5385,eu-1,ok
4386,38.654,5386,us-1,ok
4387,40.698,5387,ap-1,ok
4388,54.230,5388,tr-1,ok
4389,51.102,5389,eu-1,ok
4390,52.331,5390,us-1,ok
4391,55.944,5391,ap-1,ok
4392,49.664,5392,tr-1,ok
4393,41.955,5393,eu-1,ok
4394,44.423,5394,us-1,ok
4395,47.250,5395,ap-1,ok
4396,55.258,5396,tr-1,ok
4397,42.306,5397,eu-1,ok
4398,57.105,5398,us-1,ok
4399,50.994,5399,ap-1,ok
4400,57.381,5400,tr-1,ok
4401,51.363,5401,eu-1,ok
4402,58.013,5402,us-1,ok
4403,48.881,5403,ap-1,ok
4404,56.662,5404,tr-1,ok
4405,56.527,5405,eu-1,ok
4406,42.465,5406,us-1,ok
4407,49.507,5407,ap-1,ok
4408,55.948,5408,tr-1,ok
4409,47.708,5409,eu-1,ok
4410,52.104,5410,us-1,ok
4411,50.458,5411,ap-1,ok
4412,55.953,5412,tr-1,ok
4413,43.554,5413,eu-1,ok
4414,59.556,5414,us-1,ok
4415,54.680,5415,ap-1,ok
4416,57.671,5416,tr-1,ok
4417,48.652,5417,eu-1,ok
4418,47.712,5418,us-1,ok
4419,47.801,5419,ap-1,ok
4420,50.932,5420,tr-1,ok
4421,60.737,5421,eu-1,ok
4422,49.327,5422,us-1,ok
4423,46.884,5423,ap-1,ok
4424,61.742,5424,tr-1,ok
4425,59.431,5425,eu-1,ok
4426,47.659,5426,us-1,ok
4427,52.233,5427,ap-1,ok
4428,52.149,5428,tr-1,ok
4429,45.410,5429,eu-1,ok
4430,57.397,5430,us-1,ok
4431,45.565,5431,ap-1,ok
4432,46.678,5432,tr-1,ok
4433,57.332,5433,eu-1,ok
4434,51.912,5434,us-1,ok
4435,59.454,5435,ap-1,ok
4436,51.843,5436,tr-1,ok
4437,59.031,5437,eu-1,ok
4438,58.160,5438,us-1,ok
4439,46.639,5439,ap-1,ok
4440,47.387,5440,tr-1,ok
4441,50.525,5441,eu-1,ok
4442,53.676,5442,us-1,ok
4443,52.322,5443,ap-1,ok
4444,51.717,5444,tr-1,ok
4445,53.730,5445,eu-1,ok
4446,59.694,5446,us-1,ok
4447,63.826,5447,ap-1,ok
4448,53.870,5448,tr-1,ok
4449,49.920,5449,eu-1,ok
4450,65.626,5450,us-1,ok
4451,49.978,5451,ap-1,ok
4452,58.549,5452,tr-1,ok
4453,62.114,5453,eu-1,ok
4454,52.421,5454,us-1,ok
4455,55.177,5455,ap-1,ok
4456,53.273,5456,tr-1,ok
4457,59.375,5457,eu-1,ok
4458,65.033,5458,us-1,ok
4459,62.215,5459,ap-1,ok
4460,58.241,5460,tr-1,ok
4461,52.705,5461,eu-1,ok
4462,56.938,5462,us-1,ok
4463,50.965,5463,ap-1,ok
4464,61.401,5464,tr-1,ok
4465,54.426,5465,eu-1,ok
4466,58.292,5466,us-1,ok
4467,61.752,5467,ap-1,ok
4468,54.855,5468,tr-1,ok
4469,55.965,5469,eu-1,ok
4470,68.663,5470,us-1,ok
4471,65.270,5471,ap-1,ok
4472,53.063,5472,tr-1,ok
4473,65.908,5473,eu-1,ok
4474,63.821,5474,us-1,ok
4475,55.489,5475,ap-1,ok
4476,59.202,5476,tr-1,ok
4477,61.076,5477,eu-1,ok
4478,57.045,5478,us-1,ok
4479,65.070,5479,ap-1,ok
4480,54.516,5480,tr-1,ok
4481,58.899,5481,eu-1,ok
4482,56.251,5482,us-1,ok
4483,63.512,5483,ap-1,ok
4484,53.905,5484,tr-1,ok
4485,69.454,5485,eu-1,ok
4486,65.132,5486,us-1,ok
4487,63.355,5487,ap-1,ok
4488,55.306,5488,tr-1,ok
4489,63.959,5489,eu-1,ok
4490,69.469,5490,us-1,ok
4491,55.178,5491,ap-1,ok
4492,57.348,5492,tr-1,ok
4493,55.066,5493,eu-1,ok
4494,71.352,5494,us-1,ok
4495,62.920,5495,ap-1,ok
4496,59.173,5496,tr-1,ok
4497,68.116,5497,eu-1,ok
4498,72.472,5498,us-1,ok
4499,68.510,5499,ap-1,ok
4500,66.056,5500,tr-1,ok
4501,68.010,5501,eu-1,ok
4502,69.347,5502,us-1,ok
4503,66.740,5503,ap-1,ok
4504,57.415,5504,tr-1,ok
4505,73.675,5505,eu-1,ok
4506,57.491,5506,us-1,ok
4507,73.029,5507,ap-1,ok
4508,60.611,5508,tr-1,ok
4509,69.751,5509,eu-1,ok
4510,68.811,5510,us-1,ok
4511,61.507,5511,ap-1,ok
4512,63.163,5512,tr-1,ok
4513,72.216,5513,eu-1,ok
4514,60.214,5514,us-1,ok
4515,60.398,5515,ap-1,ok
4516,60.337,5516,tr-1,ok
4517,75.970,5517,eu-1,ok
4518,63.855,5518,us-1,ok
4519,75.249,5519,ap-1,ok
4520,76.272,5520,tr-1,ok
4521,72.007,5521,eu-1,ok
4522,71.502,5522,us-1,ok
4523,60.149,5523,ap-1,ok
4524,71.309,5524,tr-1,ok
4525,78.043,5525,eu-1,ok
4526,63.095,5526,us-1,ok
4527,64.970,5527,ap-1,ok
4528,74.593,5528,tr-1,ok
4529,70.550,5529,eu-1,ok
4530,71.992,5530,us-1,ok
4531,68.353,5531,ap-1,ok
4532,78.204,5532,tr-1,ok
4533,69.650,5533,eu-1,ok
4534,73.929,5534,us-1,ok
4535,78.352,5535,ap-1,ok
4536,65.066,5536,tr-1,ok
4537,65.797,5537,eu-1,ok
4538,68.413,5538,us-1,ok
4539,73.368,5539,ap-1,ok
4540,65.127,5540,tr-1,ok
4541,77.236,5541,eu-1,ok
4542,64.663,5542,us-1,ok
4543,69.182,5543,ap-1,ok
4544,72.514,5544,tr-1,ok
4545,69.866,5545,eu-1,ok
4546,65.363,5546,us-1,ok
4547,69.033,5547,ap-1,ok
4548,77.718,5548,tr-1,ok
4549,80.987,5549,eu-1,ok
4550,82.258,5550,us-1,ok
4551,74.716,5551,ap-1,ok
4552,82.596,5552,tr-1,ok
4553,69.094,5553,eu-1,ok
4554,68.818,5554,us-1,ok
4555,76.681,5555,ap-1,ok
4556,79.240,5556,tr-1,ok
4557,79.090,5557,eu-1,ok
4558,81.430,5558,us-1,ok
4559,75.447,5559,ap-1,ok
4560,72.160,5560,tr-1,ok
4561,75.228,5561,eu-1,ok
4562,77.733,5562,us-1,ok
4563,68.463,5563,ap-1,ok
4564,72.402,5564,tr-1,ok
4565,73.003,5565,eu-1,ok
4566,83.596,5566,us-1,ok
4567,75.322,5567,ap-1,ok
4568,78.835,5568,tr-1,ok
4569,75.722,5569,eu-1,ok
4570,69.616,5570,us-1,ok
4571,73.154,5571,ap-1,ok
4572,73.316,5572,tr-1,ok
4573,75.328,5573,eu-1,ok
4574,77.040,5574,us-1,ok
4575,78.177,5575,ap-1,ok
4576,76.260,5576,tr-1,ok
4577,69.771,5577,eu-1,ok
4578,82.582,5578,us-1,ok
4579,84.334,5579,ap-1,ok
4580,84.354,5580,tr-1,ok
4581,80.767,5581,eu-1,ok
4582,74.792,5582,us-1,ok
4583,75.433,5583,ap-1,ok
4584,75.511,5584,tr-1,ok
4585,71.763,5585,eu-1,ok
4586,85.589,5586,us-1,ok
4587,71.581,5587,ap-1,ok
4588,85.756,5588,tr-1,ok
4589,73.288,5589,eu-1,ok
4590,74.249,5590,us-1,ok
4591,82.711,5591,ap-1,ok
4592,74.772,5592,tr-1,ok
4593,77.913,5593,eu-1,ok
4594,78.742,5594,us-1,ok
4595,80.022,5595,ap-1,ok
4596,73.572,5596,tr-1,ok
4597,74.652,5597,eu-1,ok
4598,78.159,5598,us-1,ok
4599,88.222,5599,ap-1,ok
4600,79.697,5600,tr-1,ok
4601,85.467,5601,eu-1,ok
4602,75.127,5602,us-1,ok
4603,90.704,5603,ap-1,ok
4604,84.385,5604,tr-1,ok
4605,84.105,5605,eu-1,ok
4606,78.563,5606,us-1,ok
4607,82.322,5607,ap-1,ok
4608,86.837,5608,tr-1,ok
4609,78.269,5609,eu-1,ok
4610,83.427,5610,us-1,ok
4611,90.929,5611,ap-1,ok
4612,89.901,5612,tr-1,ok
4613,80.876,5613,eu-1,ok
4614,86.326,5614,us-1,ok
4615,76.325,5615,ap-1,ok
4616,87.142,5616,tr-1,ok
4617,91.301,5617,eu-1,ok
4618,86.669,5618,us-1,ok
4619,88.312,5619,ap-1,ok
4620,88.432,5620,tr-1,ok
4621,88.002,5621,eu-1,ok
4622,81.573,5622,us-1,ok
4623,89.197,5623,ap-1,ok
4624,83.322,5624,tr-1,ok
4625,80.524,5625,eu-1,ok
4626,92.477,5626,us-1,ok
4627,84.097,5627,ap-1,ok
4628,91.881,5628,tr-1,ok
4629,93.321,5629,eu-1,ok
4630,87.925,5630,us-1,ok
4631,83.987,5631,ap-1,ok
4632,86.457,5632,tr-1,ok
4633,86.788,5633,eu-1,ok
4634,85.183,5634,us-1,ok
4635,91.517,5635,ap-1,ok
4636,91.004,5636,tr-1,ok
4637,85.308,5637,eu-1,ok
4638,93.843,5638,us-1,ok
4639,87.521,5639,ap-1,ok
4640,86.242,5640,tr-1,ok
4641,85.288,5641,eu-1,ok
4642,86.770,5642,us-1,ok
4643,85.807,5643,ap-1,ok
4644,90.689,5644,tr-1,ok
4645,96.460,5645,eu-1,ok
4646,84.997,5646,us-1,ok
4647,89.159,5647,ap-1,ok
4648,83.556,5648,tr-1,ok
4649,94.590,5649,eu-1,ok
4650,96.405,5650,us-1,ok
4651,89.789,5651,ap-1,ok
4652,90.682,5652,tr-1,ok
4653,98.296,5653,eu-1,ok
4654,95.961,5654,us-1,ok
4655,87.743,5655,ap-1,ok
4656,95.299,5656,tr-1,ok
4657,91.121,5657,eu-1,ok
4658,97.124,5658,us-1,ok
4659,85.828,5659,ap-1,ok
4660,89.428,5660,tr-1,ok
4661,89.257,5661,eu-1,ok
4662,82.647,5662,us-1,ok
4663,94.749,5663,ap-1,ok
4664,93.862,5664,tr-1,ok
4665,93.637,5665,eu-1,ok
4666,91.616,5666,us-1,ok
4667,84.850,5667,ap-1,ok
4668,86.195,5668,tr-1,ok
4669,95.542,5669,eu-1,ok
4670,97.237,5670,us-1,ok
4671,91.093,5671,ap-1,ok
4672,91.012,5672,tr-1,ok
4673,93.611,5673,eu-1,ok
4674,96.451,5674,us-1,ok
4675,85.439,5675,ap-1,ok
4676,85.217,5676,tr-1,ok
4677,96.719,5677,eu-1,ok
4678,98.075,5678,us-1,ok
4679,96.875,5679,ap-1,ok
4680,86.695,5680,tr-1,ok
4681,88.038,5681,eu-1,ok
4682,88.229,5682,us-1,ok
4683,85.471,5683,ap-1,ok
4684,94.676,5684,tr-1,ok
4685,99.800,5685,eu-1,ok
4686,101.401,5686,us-1,ok
4687,96.909,5687,ap-1,ok
4688,95.405,5688,tr-1,ok
4689,98.927,5689,eu-1,ok
4690,92.238,5690,us-1,ok
4691,94.356,5691,ap-1,ok
4692,87.971,5692,tr-1,ok
4693,94.452,5693,eu-1,ok
4694,94.723,5694,us-1,ok
4695,95.541,5695,ap-1,ok
4696,100.976,5696,tr-1,ok
4697,103.114,5697,eu-1,ok
4698,95.434,5698,us-1,ok
4699,104.220,5699,ap-1,ok
4700,93.497,5700,tr-1,ok
4701,101.880,5701,eu-1,ok
4702,96.950,5702,us-1,ok
4703,101.168,5703,ap-1,ok
4704,93.791,5704,tr-1,ok
4705,102.552,5705,eu-1,ok
4706,97.642,5706,us-1,ok
4707,91.581,5707,ap-1,ok
4708,94.688,5708,tr-1,ok
4709,104.801,5709,eu-1,ok
4710,93.540,5710,us-1,ok
4711,90.581,5711,ap-1,ok
4712,105.055,5712,tr-1,ok
4713,93.352,5713,eu-1,ok
4714,94.894,5714,us-1,ok
4715,102.177,5715,ap-1,ok
4716,100.520,5716,tr-1,ok
4717,105.701,5717,eu-1,ok
4718,95.152,5718,us-1,ok
4719,106.398,5719,ap-1,ok
4720,99.753,5720,tr-1,ok
4721,92.072,5721,eu-1,ok
4722,91.499,5722,us-1,ok
4723,95.450,5723,ap-1,ok
4724,105.507,5724,tr-1,ok
4725,101.563,5725,eu-1,ok
4726,102.088,5726,us-1,ok
4727,96.806,5727,ap-1,ok
4728,93.640,5728,tr-1,ok
4729,91.102,5729,eu-1,ok
4730,91.692,5730,us-1,ok
4731,104.629,5731,ap-1,ok
4732,100.612,5732,tr-1,ok
4733,102.054,5733,eu-1,ok
4734,100.664,5734,us-1,ok
4735,104.716,5735,ap-1,ok
4736,94.481,5736,tr-1,ok
4737,103.707,5737,eu-1,ok
4738,98.027,5738,us-1,ok
4739,92.477,5739,ap-1,ok
4740,108.765,5740,tr-1,ok
4741,106.496,5741,eu-1,ok
4742,95.077,5742,us-1,ok
4743,93.066,5743,ap-1,ok
4744,101.356,5744,tr-1,ok
4745,92.674,5745,eu-1,ok
4746,95.551,5746,us-1,ok
4747,103.923,5747,ap-1,ok
4748,102.770,5748,tr-1,ok
4749,95.900,5749,eu-1,ok
4750,109.677,5750,us-1,ok
4751,107.862,5751,ap-1,ok
4752,94.663,5752,tr-1,ok
4753,107.504,5753,eu-1,ok
4754,107.417,5754,us-1,ok
4755,100.920,5755,ap-1,ok
4756,108.042,5756,tr-1,ok
4757,110.538,5757,eu-1,ok
4758,94.946,5758,us-1,ok
4759,104.183,5759,ap-1,ok
4760,111.274,5760,tr-1,ok
4761,97.019,5761,eu-1,ok
4762,95.963,5762,us-1,ok
4763,106.366,5763,ap-1,ok
4764,103.154,5764,tr-1,ok
4765,95.442,5765,eu-1,ok
4766,101.882,5766,us-1,ok
4767,98.498,5767,ap-1,ok
4768,110.929,5768,tr-1,ok
4769,110.196,5769,eu-1,ok
4770,102.714,5770,us-1,ok
4771,102.934,5771,ap-1,ok
4772,100.083,5772,tr-1,ok
4773,107.941,5773,eu-1,ok
4774,96.838,5774,us-1,ok
4775,106.102,5775,ap-1,ok
4776,94.818,5776,tr-1,ok
4777,101.386,5777,eu-1,ok
4778,103.731,5778,us-1,ok
4779,106.076,5779,ap-1,ok
4780,97.879,5780,tr-1,ok
4781,98.637,5781,eu-1,ok
4782,111.895,5782,us-1,ok
4783,108.943,5783,ap-1,ok
4784,106.125,5784,tr-1,ok
4785,112.227,5785,eu-1,ok
4786,106.392,5786,us-1,ok
4787,107.142,5787,ap-1,ok
4788,102.858,5788,tr-1,ok
4789,102.457,5789,eu-1,ok
4790,101.241,5790,us-1,ok
4791,103.026,5791,ap-1,ok
4792,110.699,5792,tr-1,ok
4793,97.370,5793,eu-1,ok
4794,96.448,5794,us-1,ok
4795,100.211,5795,ap-1,ok
4796,107.740,5796,tr-1,ok
4797,105.294,5797,eu-1,ok
4798,98.524,5798,us-1,ok
4799,111.482,5799,ap-1,ok
4800,110.023,5800,tr-1,ok
4801,102.496,5801,eu-1,ok
4802,105.083,5802,us-1,ok
4803,104.715,5803,ap-1,ok
4804,99.951,5804,tr-1,ok
4805,109.694,5805,eu-1,ok
4806,101.115,5806,us-1,ok
4807,114.867,5807,ap-1,ok
4808,98.013,5808,tr-1,ok
4809,98.318,5809,eu-1,ok
4810,107.515,5810,us-1,ok
4811,105.234,5811,ap-1,ok
4812,107.301,5812,tr-1,ok
4813,98.134,5813,eu-1,ok
4814,113.343,5814,us-1,ok
4815,109.013,5815,ap-1,ok
4816,97.551,5816,tr-1,ok
4817,99.540,5817,eu-1,ok
4818,111.725,5818,us-1,ok
4819,108.882,5819,ap-1,ok
4820,114.672,5820,tr-1,ok
4821,100.517,5821,eu-1,ok
4822,107.238,5822,us-1,ok
4823,107.102,5823,ap-1,ok
4824,99.098,5824,tr-1,ok
4825,100.039,5825,eu-1,ok
4826,110.006,5826,us-1,ok
4827,98.129,5827,ap-1,ok
4828,103.446,5828,tr-1,ok
4829,112.687,5829,eu-1,ok
4830,113.390,5830,us-1,ok
4831,101.321,5831,ap-1,ok
4832,109.917,5832,tr-1,ok
4833,116.403,5833,eu-1,ok
4834,113.418,5834,us-1,ok
4835,101.721,5835,ap-1,ok
4836,113.206,5836,tr-1,ok
4837,98.871,5837,eu-1,ok
4838,111.385,5838,us-1,ok
4839,107.016,5839,ap-1,ok
4840,99.656,5840,tr-1,ok
4841,104.438,5841,eu-1,ok
4842,111.690,5842,us-1,ok
4843,114.018,5843,ap-1,ok
4844,103.487,5844,tr-1,ok
4845,107.220,5845,eu-1,ok
4846,109.912,5846,us-1,ok
4847,102.148,5847,ap-1,ok
4848,101.332,5848,tr-1,ok
4849,109.140,5849,eu-1,ok
4850,105.340,5850,us-1,ok
4851,108.382,5851,ap-1,ok
4852,102.306,5852,tr-1,ok
4853,116.760,5853,eu-1,ok
4854,111.002,5854,us-1,ok
4855,114.961,5855,ap-1,ok
4856,114.521,5856,tr-1,ok
4857,107.754,5857,eu-1,ok
4858,101.776,5858,us-1,ok
4859,106.979,5859,ap-1,ok
4860,116.130,5860,tr-1,ok
4861,103.798,5861,eu-1,ok
4862,105.217,5862,us-1,ok
4863,117.170,5863,ap-1,ok
4864,109.376,5864,tr-1,ok
4865,105.142,5865,eu-1,ok
4866,100.258,5866,us-1,ok
4867,103.648,5867,ap-1,ok
4868,107.547,5868,tr-1,ok
4869,99.962,5869,eu-1,ok
4870,107.914,5870,us-1,ok
4871,104.049,5871,ap-1,ok
4872,109.844,5872,tr-1,ok
4873,100.625,5873,eu-1,ok
4874,114.301,5874,us-1,ok
4875,102.885,5875,ap-1,ok
4876,109.026,5876,tr-1,ok
4877,108.815,5877,eu-1,ok
4878,117.088,5878,us-1,ok
4879,101.117,5879,ap-1,ok
4880,115.754,5880,tr-1,ok
4881,117.225,5881,eu-1,ok
4882,100.914,5882,us-1,ok
4883,115.319,5883,ap-1,ok
4884,105.487,5884,tr-1,ok
4885,101.229,5885,eu-1,ok
4886,112.334,5886,us-1,ok
4887,110.061,5887,ap-1,ok
4888,100.214,5888,tr-1,ok
4889,109.516,5889,eu-1,ok
4890,113.472,5890,us-1,ok
4891,102.384,5891,ap-1,ok
4892,105.569,5892,tr-1,ok
4893,116.500,5893,eu-1,ok
4894,116.503,5894,us-1,ok
4895,117.161,5895,ap-1,ok
4896,116.487,5896,tr-1,ok
4897,107.860,5897,eu-1,ok
4898,115.257,5898,us-1,ok
4899,115.337,5899,ap-1,ok
4900,109.588,5900,tr-1,ok
4901,101.905,5901,eu-1,ok
4902,109.731,5902,us-1,ok
4903,112.267,5903,ap-1,ok
4904,116.870,5904,tr-1,ok
4905,110.418,5905,eu-1,ok
4906,111.456,5906,us-1,ok
4907,102.472,5907,ap-1,ok
4908,111.988,5908,tr-1,ok
4909,103.235,5909,eu-1,ok
4910,111.266,5910,us-1,ok
4911,111.381,5911,ap-1,ok
4912,100.782,5912,tr-1,ok
4913,101.666,5913,eu-1,ok
4914,106.516,5914,us-1,ok
4915,104.862,5915,ap-1,ok
4916,117.563,5916,tr-1,ok
4917,110.896,5917,eu-1,ok
4918,106.468,5918,us-1,ok
4919,115.103,5919,ap-1,ok
4920,113.167,5920,tr-1,ok
4921,115.092,5921,eu-1,ok
4922,113.876,5922,us-1,ok
4923,103.864,5923,ap-1,ok
4924,111.935,5924,tr-1,ok
4925,102.669,5925,eu-1,ok
4926,108.785,5926,us-1,ok
4927,112.881,5927,ap-1,ok
4928,115.119,5928,tr-1,ok
4929,114.182,5929,eu-1,ok
4930,106.199,5930,us-1,ok
4931,99.712,5931,ap-1,ok
4932,100.306,5932,tr-1,ok
4933,100.927,5933,eu-1,ok
4934,114.030,5934,us-1,ok
4935,105.367,5935,ap-1,ok
4936,116.911,5936,tr-1,ok
4937,99.674,5937,eu-1,ok
4938,102.749,5938,us-1,ok
4939,111.841,5939,ap-1,ok
4940,105.093,5940,tr-1,ok
4941,116.504,5941,eu-1,ok
4942,102.317,5942,us-1,ok
4943,101.724,5943,ap-1,ok
4944,105.005,5944,tr-1,ok
4945,114.316,5945,eu-1,ok
4946,116.767,5946,us-1,ok
4947,105.934,5947,ap-1,ok
4948,101.881,5948,tr-1,ok
4949,105.713,5949,eu-1,ok
4950,116.661,5950,us-1,ok
4951,112.873,5951,ap-1,ok
4952,111.137,5952,tr-1,ok
4953,117.001,5953,eu-1,ok
4954,99.032,5954,us-1,ok
4955,111.292,5955,ap-1,ok
4956,112.560,5956,tr-1,ok
4957,110.172,5957,eu-1,ok
4958,110.264,5958,us-1,ok
4959,115.176,5959,ap-1,ok
4960,105.164,5960,tr-1,ok
4961,100.645,5961,eu-1,ok
4962,110.168,5962,us-1,ok
4963,100.667,5963,ap-1,ok
4964,106.433,5964,tr-1,ok
4965,116.410,5965,eu-1,ok
4966,108.679,5966,us-1,ok
4967,99.112,5967,ap-1,ok
4968,104.593,5968,tr-1,ok
4969,100.899,5969,eu-1,ok
4970,100.233,5970,us-1,ok
4971,111.378,5971,ap-1,ok
4972,109.663,5972,tr-1,ok
4973,113.451,5973,eu-1,ok
4974,105.860,5974,us-1,ok
4975,114.572,5975,ap-1,ok
4976,114.917,5976,tr-1,ok
4977,109.209,5977,eu-1,ok
4978,114.914,5978,us-1,ok
4979,114.497,5979,ap-1,ok
4980,111.434,5980,tr-1,ok
4981,111.304,5981,eu-1,ok
4982,103.211,5982,us-1,ok
4983,113.019,5983,ap-1,ok
4984,100.773,5984,tr-1,ok
4985,112.307,5985,eu-1,ok
4986,113.673,5986,us-1,ok
4987,106.681,5987,ap-1,ok
4988,107.355,5988,tr-1,ok
4989,98.013,5989,eu-1,ok
4990,110.049,5990,us-1,ok
4991,100.706,5991,ap-1,ok
4992,101.123,5992,tr-1,ok
4993,97.865,5993,eu-1,ok
4994,113.422,5994,us-1,ok
4995,108.822,5995,ap-1,ok
4996,114.768,5996,tr-1,ok
4997,99.366,5997,eu-1,ok
4998,111.882,5998,us-1,ok
4999,109.969,5999,ap-1,ok
